0.0,-4.8523431840352037E-4
0.004,-4.647036947453453E-4
0.008,-5.207422003041348E-4
0.012,-5.047792798017597E-4
0.016,-4.8206096673738554E-4
0.02,-4.964612519496185E-4
0.024,-4.879989808399256E-4
0.028,-5.017261308502512E-4
0.032,-4.803300476467666E-4
0.036000000000000004,-4.8415249397188353E-4
0.04,-4.938408327707647E-4
0.044,-5.21583619306519E-4
0.048,-5.078564692961935E-4
0.052000000000000005,-5.056687798899944E-4
0.056,-5.041542256857028E-4
0.06,-4.8727776455216777E-4
0.064,-5.089863748136809E-4
0.068,-5.136742806841072E-4
0.07200000000000001,-5.185545108979357E-4
0.076,-4.909559676197332E-4
0.08,-5.101162803311682E-4
0.084,-4.940091165712416E-4
0.088,-5.037936175418239E-4
0.092,-4.861959401205309E-4
0.096,-4.87205642923392E-4
0.1,-4.903309135036763E-4
0.10400000000000001,-4.943937652580458E-4
0.108,-4.818926829369087E-4
0.112,-4.8530644003229616E-4
0.116,-4.8352743985582666E-4
0.12,-4.544143423733325E-4
0.124,-4.5253918002516194E-4
0.128,-4.895616161300679E-4
0.132,-4.932638597405584E-4
0.136,-4.738631415998707E-4
0.14,-4.855949265473993E-4
0.14400000000000002,-4.6968008713087477E-4
0.148,-4.675164382676011E-4
0.152,-4.5068805821991655E-4
0.156,-4.6174670796553783E-4
0.16,-4.6434308660146627E-4
0.164,-4.737669794281697E-4
0.168,-4.6655481655059054E-4
0.17200000000000001,-4.6299681619765154E-4
0.176,-4.5838103195600094E-4
0.18,-4.570107210092609E-4
0.184,-4.5847719412770197E-4
0.188,-4.6506430288922423E-4
0.192,-4.783346825839698E-4
0.196,-4.609293295060789E-4
0.2,-4.632853027127547E-4
0.20400000000000001,-4.549913154035388E-4
0.20800000000000002,-4.6064084299097575E-4
0.212,-4.599677077890684E-4
0.216,-4.654008704901779E-4
0.22,-4.6383823520003577E-4
0.224,-4.628044918542494E-4
0.228,-4.663624922071885E-4
0.232,-4.706897899337358E-4
0.23600000000000002,-4.702570601610811E-4
0.24,-4.5686647775170934E-4
0.244,-4.560250587493251E-4
0.248,-4.2583013683519403E-4
0.252,-4.298689480466383E-4
0.256,-4.651604650609253E-4
0.26,-4.586214373852536E-4
0.264,-4.3107097519290145E-4
0.268,-4.1989212273265395E-4
0.272,-4.1715150083917394E-4
0.276,-4.276091370116635E-4
0.28,-4.1371370320086116E-4
0.28400000000000003,-4.1368966265793586E-4
0.28800000000000003,-4.154686628344055E-4
0.292,-4.3234512396794045E-4
0.296,-4.2732065049656034E-4
0.3,-4.1359350048623484E-4
0.304,-4.2424346100212665E-4
0.308,-4.417690167946438E-4
0.312,-4.648479380028969E-4
0.316,-4.298929885895636E-4
0.32,-4.355665567199258E-4
0.324,-4.357829216062532E-4
0.328,-4.39869813903548E-4
0.332,-4.2328183928511614E-4
0.336,-4.140743113447401E-4
0.34,-4.043378914600084E-4
0.34400000000000003,-4.0053948567781675E-4
0.34800000000000003,-4.0630921597988E-4
0.352,-4.0308778322789465E-4
0.356,-4.020059587962578E-4
0.36,-3.790953213884816E-4
0.364,-4.057562834925989E-4
0.368,-3.989287693018241E-4
0.372,-4.0320798594252103E-4
0.376,-3.968853231531766E-4
0.38,-4.231375960275645E-4
0.384,-3.959958230649419E-4
0.388,-4.173678657255013E-4
0.392,-4.1864201450054025E-4
0.396,-4.209499066213655E-4
0.4,-4.2013252816190655E-4
0.404,-4.164783656372666E-4
0.40800000000000003,-3.989047287588989E-4
0.41200000000000003,-4.0114049925094833E-4
0.41600000000000004,-4.132328923423559E-4
0.42,-4.0053948567781675E-4
0.424,-3.924378227120029E-4
0.428,-3.94913998633305E-4
0.432,-4.103961082771748E-4
0.436,-4.0835266212852736E-4
0.44,-3.923657010832271E-4
0.444,-3.7859046998705106E-4
0.448,-3.8491313277639537E-4
0.452,-3.937600525728924E-4
0.456,-4.0481870231851366E-4
0.46,-4.0193383716748203E-4
0.464,-3.8902406561661546E-4
0.468,-4.006356478495178E-4
0.47200000000000003,-4.069102295530116E-4
0.47600000000000003,-4.0448213471756E-4
0.48,-3.9897685038767466E-4
0.484,-3.988806882159736E-4
0.488,-3.8883174127321335E-4
0.492,-3.7984057821916476E-4
0.496,-3.7020032050613406E-4
0.5,-3.828456460848227E-4
0.504,-3.9654875555222293E-4
0.508,-3.7709995632568476E-4
0.512,-3.9231761999737656E-4
0.516,-3.7986461876209E-4
0.52,-3.6770010404190665E-4
0.524,-3.6664232015319506E-4
0.528,-3.622669413407971E-4
0.532,-3.715946719957994E-4
0.536,-3.732294289147173E-4
0.54,-3.6185825211106765E-4
0.544,-3.617140088535161E-4
0.548,-3.5320365665797275E-4
0.552,-3.405823716222093E-4
0.556,-3.8128301079468063E-4
0.56,-3.7378236140199835E-4
0.5640000000000001,-3.7272457751328676E-4
0.5680000000000001,-3.717148747104257E-4
0.5720000000000001,-3.7904724030263107E-4
0.5760000000000001,-3.8003290256256693E-4
0.58,-3.808021999361754E-4
0.584,-3.7803753749977E-4
0.588,-3.777250104417416E-4
0.592,-3.756815642930942E-4
0.596,-3.6168996831059083E-4
0.6,-3.8219655142584066E-4
0.604,-3.7868663215875214E-4
0.608,-3.738064019449236E-4
0.612,-3.681328338145614E-4
0.616,-3.7279669914206255E-4
0.62,-3.7758076718419E-4
0.624,-3.736861992302973E-4
0.628,-3.6897425281694565E-4
0.632,-3.7753268609833947E-4
0.636,-3.6330068468658347E-4
0.64,-3.4762625069931154E-4
0.644,-3.7582580755064575E-4
0.648,-3.7789329424221845E-4
0.652,-3.7072921245048985E-4
0.656,-3.6168996831059083E-4
0.66,-3.56785697553837E-4
0.664,-3.526507241706917E-4
0.668,-3.587089409878581E-4
0.672,-3.571463056977159E-4
0.676,-3.543335621754601E-4
0.68,-3.5204971059756007E-4
0.684,-3.4712139929788104E-4
0.6880000000000001,-3.038965031182571E-4
0.6920000000000001,-3.764989427525531E-4
0.6960000000000001,-4.029675805132683E-4
0.7000000000000001,-3.8243695685509326E-4
0.704,-3.7560944266431834E-4
0.708,-3.789751186738553E-4
0.712,-3.753209561492152E-4
0.716,-3.7755672664126477E-4
0.72,-3.7702783469690897E-4
0.724,-3.7253225316988465E-4
0.728,-3.578194408996233E-4
0.732,-3.018770975125349E-4
0.736,-3.4409229088929784E-4
0.74,-3.5863681935908233E-4
0.744,-3.425056150562304E-4
0.748,-3.2286449148629005E-4
0.752,-3.3180757345448815E-4
0.756,-3.364714387819893E-4
0.76,-3.2151822108247526E-4
0.764,-3.2788896495767017E-4
0.768,-3.2308085637261746E-4
0.772,-3.234414645164964E-4
0.776,-3.1298382834400674E-4
0.78,-3.261580458670512E-4
0.784,-3.2368186994574904E-4
0.788,-3.2598976206657434E-4
0.792,-3.3346637091633127E-4
0.796,-3.302930192501965E-4
0.8,-3.296198840482891E-4
0.804,-3.3962074990519876E-4
0.808,-3.5269880525654225E-4
0.812,-3.48491710244621E-4
0.8160000000000001,-3.348126413201461E-4
0.8200000000000001,-3.24595410576909E-4
0.8240000000000001,-3.30341100336047E-4
0.8280000000000001,-3.452462369497105E-4
0.8320000000000001,-3.393082228471703E-4
0.836,-3.4046216890758305E-4
0.84,-3.4046216890758305E-4
0.844,-3.322883843129934E-4
0.848,-3.2663885672555646E-4
0.852,-3.1630142326769314E-4
0.856,-3.2209519411268166E-4
0.86,-3.3132676259598284E-4
0.864,-3.1733516661347944E-4
0.868,-2.630997017740848E-4
0.872,-3.353415332645019E-4
0.876,-3.335865736309576E-4
0.88,-3.254368295792933E-4
0.884,-3.165177881540205E-4
0.888,-3.2260004551411215E-4
0.892,-3.3678396584001767E-4
0.896,-3.1964305873430473E-4
0.9,-3.147868690634015E-4
0.904,-3.2981220839169124E-4
0.908,-3.3517324946402504E-4
0.912,-3.221192346556069E-4
0.916,-3.4637614246719783E-4
0.92,-3.22768329314589E-4
0.924,-3.1745536932810577E-4
0.928,-3.179121396436858E-4
0.932,-3.267590594401828E-4
0.936,-3.300045327350933E-4
0.9400000000000001,-3.1786405855783523E-4
0.9440000000000001,-3.2495601872078805E-4
0.9480000000000001,-3.3450011426211767E-4
0.9520000000000001,-3.2947564079073756E-4
0.9560000000000001,-3.383225605872345E-4
0.96,-3.378898308145798E-4
0.964,-3.2488389709201226E-4
0.968,-3.184891126738921E-4
0.972,-3.2034023447913735E-4
0.976,-3.332019249441534E-4
0.98,-3.2909099210393333E-4
0.984,-3.2901887047515754E-4
0.988,-3.188016397319205E-4
0.992,-3.1904204516117315E-4
0.996,-3.193545722192016E-4
1.0,-2.9836717824544646E-4
1.004,-2.7942323042033873E-4
1.008,-3.437076422024936E-4
1.012,-3.1779193692905945E-4
1.016,-3.045696383201645E-4
1.02,-2.9375139400379587E-4
1.024,-3.007952730808981E-4
1.028,-2.9507362386468536E-4
1.032,-3.04160949090435E-4
1.036,-2.9774212412938964E-4
1.04,-3.0005001625021493E-4
1.044,-3.086565306174593E-4
1.048,-3.030070030300223E-4
1.052,-3.1351272028836254E-4
1.056,-3.1707072064130154E-4
1.06,-3.191622478757995E-4
1.064,-3.129357472581562E-4
1.068,-3.1687839629789943E-4
1.072,-3.1798426127246156E-4
1.076,-3.053389356937729E-4
1.08,-3.105316929656298E-4
1.084,-3.209652885951942E-4
1.088,-3.149551528638783E-4
1.092,-2.5809926884562997E-4
1.096,-2.9879990801810123E-4
1.1,-3.1988346416355733E-4
1.104,-2.984873809600728E-4
1.108,-2.948332184354327E-4
1.112,-2.8702004198472204E-4
1.116,-2.959631239529201E-4
1.12,-3.115894768543414E-4
1.124,-3.0139628665402967E-4
1.1280000000000001,-3.095219901627688E-4
1.1320000000000001,-3.1500323394972884E-4
1.1360000000000001,-2.960112050387706E-4
1.1400000000000001,-3.045696383201645E-4
1.1440000000000001,-3.1870547756021947E-4
1.1480000000000001,-3.204844777366889E-4
1.1520000000000001,-3.092815847335161E-4
1.156,-3.1344059865958675E-4
1.16,-3.1375312571761514E-4
1.164,-3.00699110909197E-4
1.168,-3.12190490427473E-4
1.172,-3.1755153149980685E-4
1.176,-3.1550808535115945E-4
1.18,-3.1045957133685404E-4
1.184,-3.1707072064130154E-4
1.188,-3.38274479501384E-4
1.192,-3.2281641040043956E-4
1.196,-3.167822341261984E-4
1.2,-3.147147474346257E-4
1.204,-3.0916138201888985E-4
1.208,-2.9488129952128325E-4
1.212,-3.005308271087202E-4
1.216,-3.016847731691328E-4
1.22,-3.056033816659508E-4
1.224,-2.7963959530666614E-4
1.228,-2.3314518528920635E-4
1.232,-3.232972212589448E-4
1.236,-3.213018561961479E-4
1.24,-3.079353143297014E-4
1.244,-2.9935284050538227E-4
1.248,-2.960833266675464E-4
1.252,-3.012520433964781E-4
1.256,-2.943043264910769E-4
1.26,-2.968045429553043E-4
1.264,-2.923570425141306E-4
1.268,-2.8629882569696413E-4
1.272,-2.8480831203559783E-4
1.276,-3.038243814894813E-4
1.28,-3.022857867422644E-4
1.284,-3.1031532807930247E-4
1.288,-3.100989631929751E-4
1.292,-3.131280716015583E-4
1.296,-3.1175776065481823E-4
1.3,-3.1089230110950875E-4
1.304,-3.1057977405148036E-4
1.308,-3.0170881371205805E-4
1.312,-2.924532046858316E-4
1.316,-2.793991898774135E-4
1.32,-2.948332184354327E-4
1.324,-2.909626910244653E-4
1.328,-2.8834227184561153E-4
1.332,-2.9923263779075594E-4
1.336,-3.102191659076014E-4
1.34,-3.030070030300223E-4
1.344,-2.95314029293938E-4
1.348,-3.001702189648412E-4
1.352,-2.986075836746991E-4
1.356,-3.0485812483526764E-4
1.36,-2.662249723543691E-4
1.364,-2.4877153819062765E-4
1.368,-3.3207201942666605E-4
1.372,-3.0257427325736753E-4
1.3760000000000001,-2.9355906966039376E-4
1.3800000000000001,-2.9620352938217274E-4
1.3840000000000001,-3.0565146275180133E-4
1.3880000000000001,-3.0531489515084765E-4
1.3920000000000001,-2.9454473192032956E-4
1.3960000000000001,-2.922608803424295E-4
1.4000000000000001,-3.057957060093529E-4
1.4040000000000001,-3.0810359813017825E-4
1.408,-3.018770975125349E-4
1.412,-3.166139503257216E-4
1.416,-3.1442626091952256E-4
1.42,-3.1423393657612045E-4
1.424,-3.062765168678582E-4
1.428,-2.8985682604990313E-4
1.432,-2.9863162421762436E-4
1.436,-3.004587054799444E-4
1.44,-2.802406088797977E-4
1.444,-2.85649731037982E-4
1.448,-2.747593650928376E-4
1.452,-2.2915445516361258E-4
1.456,-2.9086652885276424E-4
1.46,-2.9620352938217274E-4
1.464,-2.874287312144515E-4
1.468,-3.0548317895132446E-4
1.472,-2.9416008323352534E-4
1.476,-2.8834227184561153E-4
1.48,-2.995692053917096E-4
1.484,-2.997374891921865E-4
1.488,-2.9514574549346115E-4
1.492,-2.995692053917096E-4
1.496,-2.8161091982653775E-4
1.5,-3.007952730808981E-4
1.504,-2.8516892017947676E-4
1.508,-2.828369875157262E-4
1.512,-2.883182313026863E-4
1.516,-2.95314029293938E-4
1.52,-3.000740567931402E-4
1.524,-2.950255427788348E-4
1.528,-2.828129469728009E-4
1.532,-2.8740469067152627E-4
1.536,-2.898327855069779E-4
1.54,-2.862507446111136E-4
1.544,-2.821878928567441E-4
1.548,-2.8810186641635893E-4
1.552,-2.8129839276850926E-4
1.556,-2.7276400003004074E-4
1.56,-2.5163236279873404E-4
1.564,-2.6694618864212693E-4
1.568,-2.817551630840893E-4
1.572,-2.683405401317922E-4
1.576,-2.6028695825182894E-4
1.58,-2.540364170912604E-4
1.584,-2.3780905061670748E-4
1.588,-1.9201181634408032E-4
1.592,-2.6002251227965104E-4
1.596,-2.520410520284635E-4
1.6,-2.58195431017331E-4
1.604,-2.6360455317551534E-4
1.608,-2.7035994573751436E-4
1.612,-2.6963872944975645E-4
1.616,-2.562962281262352E-4
1.62,-2.65311431723209E-4
1.624,-2.6170535028441946E-4
1.6280000000000001,-2.543970252351394E-4
1.6320000000000001,-2.6598456692511637E-4
1.6360000000000001,-2.8752489338615254E-4
1.6400000000000001,-2.660326480109669E-4
1.6440000000000001,-2.511275113973035E-4
1.6480000000000001,-2.4377110526217283E-4
1.6520000000000001,-2.548297550077941E-4
1.6560000000000001,-2.560798632399078E-4
1.6600000000000001,-2.4956487610716134E-4
1.6640000000000001,-2.5507016043704677E-4
1.668,-2.620178773424479E-4
1.672,-2.608639312820353E-4
1.676,-2.449971729513613E-4
1.68,-2.5600774161113203E-4
1.684,-2.5848391753243414E-4
1.688,-2.5485379555071936E-4
1.692,-2.474012272438876E-4
1.696,-2.4968507882178767E-4
1.7,-2.587243229616868E-4
1.704,-2.7201874319935753E-4
1.708,-2.705522700809165E-4
1.712,-2.5920513382019205E-4
1.716,-2.508871059680509E-4
1.72,-2.244425087502609E-4
1.724,-2.10859601997487E-4
1.728,-2.659605263821911E-4
1.732,-2.4242483485835807E-4
1.736,-2.3514055035200318E-4
1.74,-2.3922744264929803E-4
1.744,-2.2408190060638195E-4
1.748,-2.1129233177014174E-4
1.752,-2.1941803527888082E-4
1.756,-2.256204953535988E-4
1.76,-2.2879384701973362E-4
1.764,-2.0004135768111837E-4
1.768,-2.0631593938461216E-4
1.772,-2.3528479360955477E-4
1.776,-2.255002926389725E-4
1.78,-2.3833794256106325E-4
1.784,-2.4490101077966026E-4
1.788,-2.323758879155979E-4
1.792,-2.3862642907616644E-4
1.796,-2.4256907811590967E-4
1.8,-2.403092670809349E-4
1.804,-2.4759355158728973E-4
1.808,-2.488436598194035E-4
1.812,-1.9333404620496984E-4
1.816,-2.4497313240843605E-4
1.82,-2.314383067415126E-4
1.824,-2.0708523675822059E-4
1.828,-2.2504352232339248E-4
1.832,-2.468723352995318E-4
1.836,-2.2201441391480928E-4
1.84,-2.1016242625265433E-4
1.844,-2.132876968329386E-4
1.848,-2.3146234728443788E-4
1.852,-2.2780818475979782E-4
1.856,-2.1278284543150807E-4
1.86,-2.3028436068109998E-4
1.864,-2.2016329210956402E-4
1.868,-2.152590213528102E-4
1.872,-2.3552519903880745E-4
1.8760000000000001,-2.3797733441718432E-4
1.8800000000000001,-2.3155850945613893E-4
1.8840000000000001,-2.216778463138556E-4
1.8880000000000001,-2.1780731890288818E-4
1.8920000000000001,-2.1287900760320912E-4
1.8960000000000001,-2.0773433141720274E-4
1.9000000000000001,-2.0242137143071948E-4
1.9040000000000001,-2.1537922406743653E-4
1.9080000000000001,-2.1561962949668916E-4
1.9120000000000001,-2.2494736015169143E-4
1.9160000000000001,-2.2626959001258097E-4
1.92,-2.3487610437982528E-4
1.924,-2.3230376628682208E-4
1.928,-2.1715822424390606E-4
1.932,-2.2254330585916508E-4
1.936,-2.2006712993786297E-4
1.94,-2.1482629158015547E-4
1.944,-1.9823831696172357E-4
1.948,-1.4188728434490574E-4
1.952,-2.2663019815645993E-4
1.956,-2.1783135944581345E-4
1.96,-2.0956141267952275E-4
1.964,-2.0684483132896793E-4
1.968,-2.033108715189542E-4
1.972,-1.79486693480018E-4
1.976,-1.9153100548557504E-4
1.98,-2.155234673249881E-4
1.984,-2.0792665576060485E-4
1.988,-2.168937782717281E-4
1.992,-2.0626785829876162E-4
1.996,-2.0261369577412156E-4
2.0,-2.0352723640528159E-4
2.004,-2.0434461486474052E-4
2.008,-2.0879211530591433E-4
2.012,-2.045609797510679E-4
2.016,-2.0136358754200786E-4
2.02,-2.015318713424847E-4
2.024,-1.9141080277094874E-4
2.028,-1.9549769506824356E-4
2.032,-1.9383889760640036E-4
2.036,-1.841024777216686E-4
2.04,-2.003538847391468E-4
2.044,-1.9254070828843612E-4
2.048,-2.0057024962547417E-4
2.052,-2.090806018210175E-4
2.056,-2.15331142981586E-4
2.06,-2.119654669720491E-4
2.064,-2.0932100725027012E-4
2.068,-2.0395996617793633E-4
2.072,-2.013876280849331E-4
2.076,-1.9537749235361724E-4
2.08,-1.6251407017478192E-4
2.084,-1.5578271815570809E-4
2.088,-2.1590811601179233E-4
2.092,-1.9732477633056355E-4
2.096,-1.9992115496649207E-4
2.1,-2.102585884243554E-4
2.104,-2.000894387669689E-4
2.108,-1.873960321024297E-4
2.112,-1.7939053130831695E-4
2.116,-1.884778565340666E-4
2.12,-2.0698907458651953E-4
2.124,-2.0395996617793633E-4
2.128,-2.027819795745984E-4
2.132,-2.2155764359922927E-4
2.136,-2.0475330409447005E-4
2.14,-2.090806018210175E-4
2.144,-2.0222904708731737E-4
2.148,-2.027338984887479E-4
2.152,-2.1278284543150807E-4
2.156,-2.105230343965333E-4
2.16,-2.055466420110037E-4
2.164,-2.066044258997153E-4
2.168,-2.0869595313421327E-4
2.172,-1.6737025984568516E-4
2.176,-2.3552519903880745E-4
2.18,-2.359579288114622E-4
2.184,-2.115808182852449E-4
2.188,-2.2915445516361258E-4
2.192,-2.1566771058253968E-4
2.196,-1.987912494490047E-4
2.2,-1.9114635679877084E-4
2.204,-1.9915185759288365E-4
2.208,-1.9386293814932563E-4
2.212,-1.878528024180097E-4
2.216,-1.7499111195299372E-4
2.22,-1.8799704567556128E-4
2.224,-1.8470349129480018E-4
2.228,-1.8128973419941278E-4
2.232,-1.872037077590276E-4
2.236,-2.0215692545854158E-4
2.24,-2.1206162914375016E-4
2.244,-2.2119703545535034E-4
2.248,-2.2655807652768414E-4
2.2520000000000002,-2.294189011357905E-4
2.2560000000000002,-2.191055082208524E-4
2.2600000000000002,-2.1174910208572175E-4
2.2640000000000002,-2.3985249676535488E-4
2.2680000000000002,-2.3660702347044432E-4
2.2720000000000002,-2.1953823799350714E-4
2.2760000000000002,-2.135521428051165E-4
2.2800000000000002,-2.0530623658175109E-4
2.2840000000000003,-2.1208566968667543E-4
2.2880000000000003,-2.1081152091163648E-4
2.2920000000000003,-2.2737545498714308E-4
2.2960000000000003,-2.1802368378921554E-4
2.3000000000000003,-2.123020345730028E-4
2.3040000000000003,-2.0037792528207205E-4
2.308,-1.614562862860703E-4
2.312,-2.2634171164135676E-4
2.316,-2.1819196758969238E-4
2.32,-2.172784269585324E-4
2.324,-2.1583599438301652E-4
2.328,-2.132155752041628E-4
2.332,-2.0816706118985748E-4
2.336,-2.1872085953404818E-4
2.34,-2.166293322995502E-4
2.344,-2.1254244000225544E-4
2.348,-2.068688718718932E-4
2.352,-2.0754200707380057E-4
2.356,-2.3372215831941266E-4
2.36,-2.3511650980907793E-4
2.364,-2.2146148142752824E-4
2.368,-2.076622097884269E-4
2.372,-1.9994519550941731E-4
2.376,-2.1304729140368597E-4
2.38,-2.2626959001258097E-4
2.384,-2.1797560270336503E-4
2.388,-2.0756604761672584E-4
2.392,-1.9119443788462136E-4
2.396,-1.6631247595697354E-4
2.4,-2.0571492581148058E-4
2.404,-2.1278284543150807E-4
2.408,-2.0280602011752368E-4
2.412,-1.9083382974074243E-4
2.416,-1.8155418017159068E-4
2.42,-1.7648162561436005E-4
2.424,-1.5813869136238392E-4
2.428,-1.5167178531548802E-4
2.432,-1.5385947472168701E-4
2.436,-1.4522891981151736E-4
2.44,-1.1400025455159997E-4
2.444,-1.4332971692042156E-4
2.448,-1.6458155686635456E-4
2.452,-1.7140907105712942E-4
2.456,-1.8268408568907805E-4
2.46,-1.7328423340529997E-4
2.464,-1.828523694895549E-4
2.468,-1.803521530253275E-4
2.472,-1.8705946450147602E-4
2.476,-1.8893462684964658E-4
2.48,-2.0148379025663416E-4
2.484,-1.898962485666571E-4
2.488,-1.615043673719208E-4
2.492,-2.3586176663976114E-4
2.496,-2.236491708337272E-4
2.5,-2.209566300260977E-4
2.504,-2.2271158965964192E-4
2.508,-2.0864787204836276E-4
2.512,-1.9258878937428663E-4
2.516,-2.065563448138648E-4
2.52,-2.064121015563132E-4
2.524,-1.98911452163631E-4
2.528,-1.9061746485441505E-4
2.532,-1.388581759363225E-4
2.536,-2.1737458913023344E-4
2.54,-2.1756691347363556E-4
2.544,-2.0109914156982996E-4
2.548,-1.9960862790846363E-4
2.552,-2.0710927730114583E-4
2.556,-1.9367061380592352E-4
2.56,-1.9850276293390152E-4
2.564,-1.8970392422325503E-4
2.568,-2.00281763110371E-4
2.572,-2.1134041285599228E-4
2.576,-1.9621891135600145E-4
2.58,-2.0573896635440583E-4
2.584,-1.9448799226538246E-4
2.588,-2.1561962949668916E-4
2.592,-2.4706465964293394E-4
2.596,-2.4405959177727597E-4
2.6,-2.3610217206901377E-4
2.604,-2.2790434693149887E-4
2.608,-2.1629276469859653E-4
2.612,-2.1148465611354385E-4
2.616,-2.130232508607607E-4
2.62,-2.166293322995502E-4
2.624,-2.2889000919143468E-4
2.628,-2.3160659054198945E-4
2.632,-2.2309623834644617E-4
2.636,-2.2819283344660204E-4
2.64,-2.3429913134961897E-4
2.644,-2.2350492757617564E-4
2.648,-2.1561962949668916E-4
2.652,-2.3350579343308527E-4
2.656,-2.3682338835677167E-4
2.66,-2.3119790131225998E-4
2.664,-2.0256561468827105E-4
2.668,-1.7602485529878004E-4
2.672,-2.6045524205230576E-4
2.676,-2.4692041638538236E-4
2.68,-2.4754547050143924E-4
2.684,-2.454539432669413E-4
2.688,-2.399005778512054E-4
2.692,-2.471367812717097E-4
2.696,-2.4550202435279185E-4
2.7,-2.474252677868129E-4
2.704,-2.53820052204933E-4
2.708,-2.4752142995851395E-4
2.712,-2.3905915884882118E-4
2.716,-2.638930396906185E-4
2.72,-2.566568362701141E-4
2.724,-2.43602821461696E-4
2.728,-2.3682338835677167E-4
2.732,-2.399005778512054E-4
2.736,-2.3701571270017379E-4
2.74,-2.3896299667712013E-4
2.744,-2.4396342960557492E-4
2.748,-2.5860412024706047E-4
2.7520000000000002,-2.483868895038235E-4
2.7560000000000002,-2.2331260323277353E-4
2.7600000000000002,-2.5307479537424986E-4
2.7640000000000002,-2.644700127208248E-4
2.7680000000000002,-2.6627305344021957E-4
2.7720000000000002,-2.7035994573751436E-4
2.7760000000000002,-2.628833368877574E-4
2.7800000000000002,-2.6985509433608386E-4
2.7840000000000003,-2.687011482756712E-4
2.7880000000000003,-2.748795678074639E-4
2.7920000000000003,-2.801925277939472E-4
2.7960000000000003,-2.8685175818424517E-4
2.8000000000000003,-2.542768225205131E-4
2.8040000000000003,-2.557913767248046E-4
2.8080000000000003,-3.040888274616592E-4
2.8120000000000003,-2.767306896127092E-4
2.816,-2.626188909155795E-4
2.82,-2.698791348790091E-4
2.824,-2.7276400003004074E-4
2.828,-2.7937514933448824E-4
2.832,-2.7516805432256707E-4
2.836,-2.6992721596485965E-4
2.84,-2.659605263821911E-4
2.844,-2.770912977565882E-4
2.848,-2.901933936508568E-4
2.852,-2.9081844776691375E-4
2.856,-2.7891837901890823E-4
2.86,-2.7882221684720715E-4
2.864,-2.9389563726134744E-4
2.868,-2.9988173244973807E-4
2.872,-3.0170881371205805E-4
2.876,-2.924051235999811E-4
2.88,-2.8603437972478623E-4
2.884,-2.990162729044286E-4
2.888,-3.0041062439409386E-4
2.892,-2.558875388965057E-4
2.896,-3.14378179833672E-4
2.9,-3.130799905157078E-4
2.904,-3.233693428877206E-4
2.908,-3.1550808535115945E-4
2.912,-3.0920946310474033E-4
2.916,-3.021175029417876E-4
2.92,-3.040888274616592E-4
2.924,-3.0346377334560236E-4
2.928,-3.1170967956896774E-4
2.932,-3.2425884297595533E-4
2.936,-3.1031532807930247E-4
2.94,-3.1949881547675316E-4
2.944,-3.2062872099424054E-4
2.948,-3.338991006889861E-4
2.952,-3.4099106085193885E-4
2.956,-3.41279547367042E-4
2.96,-3.3493284403477244E-4
2.964,-3.4368360165956837E-4
2.968,-3.706330502787888E-4
2.972,-3.684934419584404E-4
2.976,-3.618342115681424E-4
2.98,-3.652479686635298E-4
2.984,-3.877499168415765E-4
2.988,-3.917646875100955E-4
2.992,-3.9515440406255766E-4
2.996,-4.184256496142129E-4
3.0,-4.14338757316918E-4
3.004,-4.1897858210149393E-4
3.008,-4.132328923423559E-4
3.012,-4.1640624400849074E-4
3.016,-4.0731891878274107E-4
3.02,-4.0515526991946734E-4
3.024,-3.969814853248778E-4
3.028,-4.037368778868768E-4
3.032,-4.189305010156434E-4
3.036,-4.2268082571198456E-4
3.04,-4.211662715076929E-4
3.044,-4.2686388018098033E-4
3.048,-4.2092586607844025E-4
3.052,-4.1508401414760114E-4
3.056,-4.179448387557076E-4
3.06,-4.354703945482248E-4
3.064,-4.4352397642818806E-4
3.068,-4.365041378940111E-4
3.072,-4.2878712361500145E-4
3.076,-4.3446069174536375E-4
3.08,-4.3357119165712886E-4
3.084,-4.356386783487016E-4
3.088,-4.400861787898754E-4
3.092,-4.354703945482248E-4
3.096,-4.282341911277204E-4
3.1,-4.3508574586142057E-4
3.104,-4.2794570461261727E-4
3.108,-4.1914686590197075E-4
3.112,-4.3498958368971954E-4
3.116,-4.0097221545047146E-4
3.12,-4.608572078773031E-4
3.124,-4.958361978335616E-4
3.128,-4.7061766830496003E-4
3.132,-4.719398981658497E-4
3.136,-4.7722881760940765E-4
3.14,-4.873739267238688E-4
3.144,-4.8335915605534984E-4
3.148,-4.7958479081608343E-4
3.152,-4.707859521054369E-4
3.156,-4.745843578876286E-4
3.16,-4.338837187151574E-4
3.164,-4.4340377371356174E-4
3.168,-4.967256979217964E-4
3.172,-4.7855104747029714E-4
3.176,-4.937206300561385E-4
3.18,-5.097075911014387E-4
3.184,-5.046109960012828E-4
3.188,-5.193718893573946E-4
3.192,-5.461770947190637E-4
3.196,-5.355992558319476E-4
3.2,-5.309113499615213E-4
3.204,-5.344693503144603E-4
3.208,-5.347578368295634E-4
3.212,-5.394697832429151E-4
3.216,-5.365368370060328E-4
3.22,-5.346376341149371E-4
3.224,-5.410083779901319E-4
3.228,-5.503841897309847E-4
3.232,-5.423786889368719E-4
3.236,-5.388687696697835E-4
3.24,-5.400227157301961E-4
3.244,-5.482205408677111E-4
3.248,-5.55793311889169E-4
3.2520000000000002,-4.996586441586785E-4
3.2560000000000002,-5.872864231212643E-4
3.2600000000000002,-5.905799775020254E-4
3.2640000000000002,-6.015905461617962E-4
3.2680000000000002,-6.069756277770552E-4
3.2720000000000002,-6.018790326768993E-4
3.2760000000000002,-6.26472508089444E-4
3.2800000000000002,-6.418584555616127E-4
3.2840000000000003,-6.49359104954295E-4
3.2880000000000003,-6.639276739670047E-4
3.2920000000000003,-6.586868356092972E-4
3.2960000000000003,-6.378917659789441E-4
3.3000000000000003,-6.463059560027865E-4
3.3040000000000003,-6.420267393620894E-4
3.3080000000000003,-6.365695361180547E-4
3.3120000000000003,-6.378196443501684E-4
3.3160000000000003,-6.276264541498567E-4
3.3200000000000003,-6.232270347945333E-4
3.3240000000000003,-6.3111233287402E-4
3.3280000000000003,-6.263042242889671E-4
3.332,-6.3476649539866E-4
3.336,-6.342135629113789E-4
3.34,-6.307517247301408E-4
3.344,-6.515948754463445E-4
3.348,-6.422911853342674E-4
3.352,-6.431085637937263E-4
3.356,-6.613312953310761E-4
3.36,-6.688319447237585E-4
3.364,-6.677501202921217E-4
3.368,-6.667404174892605E-4
3.372,-6.676299175774952E-4
3.376,-6.606100790433182E-4
3.38,-6.594801735258308E-4
3.384,-6.432287665083528E-4
3.388,-6.307276841872157E-4
3.392,-6.4161805013236E-4
3.396,-6.314729410178989E-4
3.4,-6.367378199185316E-4
3.404,-6.549605514558814E-4
3.408,-6.537585243096182E-4
3.412,-6.613793764169266E-4
3.416,-6.837370813374218E-4
3.42,-6.969353394033915E-4
3.424,-7.136435167364498E-4
3.428,-7.245338826815942E-4
3.432,-7.451125874256199E-4
3.436,-7.63647846020998E-4
3.44,-7.66749076058357E-4
3.444,-7.695137384947623E-4
3.448,-7.695137384947623E-4
3.452,-7.588878185217959E-4
3.456,-7.442711684232357E-4
3.46,-7.35736775684767E-4
3.464,-7.336933295361195E-4
3.468,-7.119125976458308E-4
3.472,-6.922955146188158E-4
3.476,-6.418103744757621E-4
3.48,-6.925118795051431E-4
3.484,-7.177784901195952E-4
3.488,-7.046763942253265E-4
3.492,-7.083786378358171E-4
3.496,-7.095325838962297E-4
3.5,-7.042436644526717E-4
3.504,-6.903001495560189E-4
3.508,-6.733756073366333E-4
3.512,-6.518833619614477E-4
3.516,-6.416661312182105E-4
3.52,-5.978402214654551E-4
3.524,-6.281313055512872E-4
3.528,-6.800588782698566E-4
3.532,-6.583743085512687E-4
3.536,-6.595282546116814E-4
3.54,-6.784000808080133E-4
3.544,-6.943630013103884E-4
3.548,-7.172736387181647E-4
3.552,-7.346309107102048E-4
3.556,-7.436701548501041E-4
3.56,-7.526613179041525E-4
3.564,-7.492716013516904E-4
3.568,-7.685280762348265E-4
3.572,-7.804762260686827E-4
3.576,-7.75043063367573E-4
3.58,-7.804041044399069E-4
3.584,-7.837457399065184E-4
3.588,-7.82615834389031E-4
3.592,-7.666769544295813E-4
3.596,-7.577098319184579E-4
3.6,-7.462424929431073E-4
3.604,-7.369868839168808E-4
3.608,-7.229231663056014E-4
3.612,-6.859488112865461E-4
3.616,-7.531661693055831E-4
3.62,-7.486705877785588E-4
3.624,-7.562193182570916E-4
3.628,-7.448721819963672E-4
3.632,-7.354723297125892E-4
3.636,-7.371070866315071E-4
3.64,-7.334769646497922E-4
3.644,-7.295583561529742E-4
3.648,-7.354963702555145E-4
3.652,-7.539354666791916E-4
3.656,-7.553298181688569E-4
3.66,-7.834572533914153E-4
3.664,-7.937225652205027E-4
3.668,-8.081709315185863E-4
3.672,-8.146618781084073E-4
3.676,-8.152869322244642E-4
3.68,-8.256484062252528E-4
3.684,-8.118972156720021E-4
3.688,-7.927849840464174E-4
3.692,-7.856930238834647E-4
3.696,-7.738169956783846E-4
3.7,-7.670616031163855E-4
3.704,-7.847554427093795E-4
3.708,-7.875201051457848E-4
3.712,-7.657153327125707E-4
3.716,-7.621573323596317E-4
3.72,-7.579261968047853E-4
3.724,-7.457857226275273E-4
3.728,-7.387658840933502E-4
3.732,-7.211201255862067E-4
3.736,-7.398957896108376E-4
3.74,-7.482138174629788E-4
3.744,-7.310969509001911E-4
3.748,-7.148455438827129E-4
3.7520000000000002,-7.998288631235199E-4
3.7560000000000002,-8.011751335273346E-4
3.7600000000000002,-8.090844721497463E-4
3.7640000000000002,-8.118010535003011E-4
3.7680000000000002,-8.151186484239873E-4
3.7720000000000002,-8.222586896727907E-4
3.7760000000000002,-8.124261076163579E-4
3.7800000000000002,-7.958381329979261E-4
3.7840000000000003,-7.786010637205121E-4
3.7880000000000003,-7.635516838492971E-4
3.7920000000000003,-7.641767379653538E-4
3.7960000000000003,-7.880009160042901E-4
3.8000000000000003,-7.8617383474197E-4
3.8040000000000003,-7.780000501473804E-4
3.8080000000000003,-7.766297392006404E-4
3.8120000000000003,-7.853083751966606E-4
3.8160000000000003,-7.95189038338944E-4
3.8200000000000003,-8.070410260010989E-4
3.8240000000000003,-8.209605003548265E-4
3.8280000000000003,-8.366108937991731E-4
3.8320000000000003,-8.444481107928091E-4
3.8360000000000003,-8.401448536091868E-4
3.84,-8.692819916346064E-4
3.844,-8.623102341862798E-4
3.848,-8.653153020519377E-4
3.852,-8.595215312069492E-4
3.856,-8.394717184072795E-4
3.86,-8.39615961664831E-4
3.864,-8.547855442506722E-4
3.868,-8.374523128015574E-4
3.872,-8.260090143691318E-4
3.876,-8.180996757467201E-4
3.88,-7.921599299303605E-4
3.884,-8.194699866934602E-4
3.888,-8.217778788142854E-4
3.892,-8.079305260893337E-4
3.896,-8.085796207483157E-4
3.9,-8.034830256481598E-4
3.904,-7.898520378095353E-4
3.908,-8.014155389565872E-4
3.912,-8.085074991195399E-4
3.916,-8.077862828317821E-4
3.92,-8.099018506092053E-4
3.924,-7.854526184542122E-4
3.928,-7.972084439446662E-4
3.932,-8.182439190042716E-4
3.936,-7.988912819494345E-4
3.94,-8.073775936020526E-4
3.944,-8.151186484239873E-4
3.948,-8.08146890975661E-4
3.952,-8.040840392212914E-4
3.956,-8.035070661910851E-4
3.96,-8.02954133703804E-4
3.964,-8.047331338802735E-4
3.968,-7.954775248540472E-4
3.972,-7.995403766084166E-4
3.976,-8.252397169955234E-4
3.98,-8.271870009724697E-4
3.984,-8.451452865376416E-4
3.988,-8.587281932904156E-4
3.992,-8.604110312951839E-4
3.996,-8.610601259541661E-4
4.0,-8.587522338333409E-4
4.0040000000000004,-8.571655580002735E-4
4.008,-8.395678805789805E-4
4.0120000000000005,-8.184362433476737E-4
4.016,-7.420353979311862E-4
4.0200000000000005,-7.829764425329101E-4
4.024,-8.097335668087284E-4
4.0280000000000005,-7.807887531267111E-4
4.032,-7.668692787729834E-4
4.0360000000000005,-7.65186440768215E-4
4.04,-7.620611701879308E-4
4.0440000000000005,-7.770865095162204E-4
4.048,-7.841784696791732E-4
4.0520000000000005,-7.890106188071511E-4
4.056,-8.078343639176326E-4
4.0600000000000005,-8.021607957872704E-4
4.064,-8.279322578031528E-4
4.0680000000000005,-8.36875339771351E-4
4.072,-8.516843142133133E-4
4.0760000000000005,-8.535594765614838E-4
4.08,-8.499774356656196E-4
4.0840000000000005,-8.432460836465459E-4
4.088,-8.386783804907457E-4
4.0920000000000005,-8.293987309215938E-4
4.096,-8.218019193572107E-4
4.1,-8.011510929844093E-4
4.104,-7.608351024987423E-4
4.108,-7.451847090543957E-4
4.112,-8.033387823906083E-4
4.116,-7.830485641616858E-4
4.12,-7.907174973548448E-4
4.124,-7.944437815082608E-4
4.128,-7.926888218747163E-4
4.132,-7.927849840464174E-4
4.136,-8.001654307244735E-4
4.14,-8.0622364754164E-4
4.144,-8.084594180336895E-4
4.148,-7.933619570766237E-4
4.152,-7.905732540972932E-4
4.156,-8.035551472769356E-4
4.16,-8.094691208365506E-4
4.164,-8.261292170837581E-4
4.168,-8.167534053429053E-4
4.172,-7.994201738937903E-4
4.176,-8.031224175042809E-4
4.18,-8.014395794995124E-4
4.184,-8.016559443858398E-4
4.188,-8.081228504327357E-4
4.192,-8.055264717968072E-4
4.196,-7.92015686672809E-4
4.2,-8.259609332832812E-4
4.204,-8.368993803142763E-4
4.208,-8.370436235718278E-4
4.212,-8.48919651776908E-4
4.216,-8.495206653500396E-4
4.22,-8.633920586179167E-4
4.224,-8.79739627807096E-4
4.228,-8.782250736028044E-4
4.232,-8.652431804231619E-4
4.236,-8.618053827848493E-4
4.24,-8.537037198190355E-4
4.244,-8.57862733745106E-4
4.248,-8.306247986107823E-4
4.252,-8.062957691704158E-4
4.256,-8.283409470328823E-4
4.26,-8.062476880845652E-4
4.264,-7.917272001577058E-4
4.268,-7.962227816847304E-4
4.272,-7.624698594176602E-4
4.276,-7.779279285186046E-4
4.28,-7.976171331743956E-4
4.284,-8.007424037546798E-4
4.288,-8.063919313421169E-4
4.292,-7.862940374565963E-4
4.296,-7.808608747554869E-4
4.3,-8.02497363388224E-4
4.304,-8.032907013047578E-4
4.308,-8.120895400154042E-4
4.312,-8.07233350344501E-4
4.316,-7.868950510297279E-4
4.32,-7.992759306362388E-4
4.324,-8.092287154072979E-4
4.328,-8.030262553325798E-4
4.332,-8.055024312538819E-4
4.336,-8.184122028047484E-4
4.34,-7.836255371918921E-4
4.344,-8.088200261775684E-4
4.348,-8.264177035988612E-4
4.352,-8.205758516680223E-4
4.356,-8.388226237482973E-4
4.36,-8.452895297951933E-4
4.364,-8.424767862729374E-4
4.368,-8.631035721028135E-4
4.372,-8.727438298158443E-4
4.376,-8.631756937315893E-4
4.38,-8.52934422445427E-4
4.384,-8.324518798731025E-4
4.388,-8.30504595896156E-4
4.392,-8.335337043047394E-4
4.396,-8.171140134867843E-4
4.4,-8.018963498150924E-4
4.404,-7.899001188953858E-4
4.408,-7.819426991871237E-4
4.412,-7.963189438564313E-4
4.416,-7.990355252069861E-4
4.42,-7.95092876167243E-4
4.424,-7.917752812435563E-4
4.428,-8.026656471887009E-4
4.432,-8.235809195336802E-4
4.436,-8.561077741115619E-4
4.44,-8.645460046783292E-4
4.444,-8.520930034430428E-4
4.448,-8.437990161338269E-4
4.452,-8.253839602530749E-4
4.456,-8.409622320686458E-4
4.46,-8.791386142339644E-4
4.464,-8.352405828524331E-4
4.468,-8.216095950138086E-4
4.472,-8.189410947491044E-4
4.476,-8.089161883492695E-4
4.48,-8.24109811478036E-4
4.484,-8.147820808230337E-4
4.488,-8.068487016576968E-4
4.492,-8.115846886139736E-4
4.496,-8.086517423770915E-4
4.5,-8.152148105956884E-4
4.5040000000000004,-8.428854755026668E-4
4.508,-8.571895985431987E-4
4.5120000000000005,-8.49184097749086E-4
4.516,-8.679116806878664E-4
4.5200000000000005,-8.592330446918461E-4
4.524,-8.754844517093243E-4
4.5280000000000005,-8.79931952150498E-4
4.532,-8.841871282482698E-4
4.5360000000000005,-8.699310862935885E-4
4.54,-8.522853277864448E-4
4.5440000000000005,-8.467079218277838E-4
4.548,-8.588724365479672E-4
4.5520000000000005,-8.45722259567848E-4
4.556,-8.381014074605394E-4
4.5600000000000005,-8.336298664764405E-4
4.564,-7.980979440329009E-4
4.5680000000000005,-7.892269836934784E-4
4.572,-8.425489079017132E-4
4.5760000000000005,-8.176188648882147E-4
4.58,-8.133877293333684E-4
4.5840000000000005,-8.152628916815389E-4
4.588,-7.98290268376303E-4
4.5920000000000005,-8.270667982578434E-4
4.596,-8.345434071076004E-4
4.6000000000000005,-8.410343536974216E-4
4.604,-8.3723594791523E-4
4.6080000000000005,-8.321153122721489E-4
4.612,-8.318027852141205E-4
4.616,-8.463713542268301E-4
4.62,-8.483426787467017E-4
4.624,-8.442317459064817E-4
4.628,-8.354569477387605E-4
4.632,-8.257926494828043E-4
4.636,-8.216576760996592E-4
4.64,-8.124261076163579E-4
4.644,-8.216817166425844E-4
4.648,-8.194459461505349E-4
4.652,-8.083872964049137E-4
4.656,-7.991557279216125E-4
4.66,-8.146859186513326E-4
4.664,-8.140368239923506E-4
4.668,-8.133877293333684E-4
4.672,-8.15623499825418E-4
4.676,-8.109115534120663E-4
4.68,-8.227635410742212E-4
4.684,-8.338221908198426E-4
4.688,-8.235568789907549E-4
4.692,-8.220904058723139E-4
4.696,-8.21008581440677E-4
4.7,-8.005260388683524E-4
4.704,-8.371157452006036E-4
4.708,-8.410103131544963E-4
4.712,-8.261292170837581E-4
4.716,-8.052139447387788E-4
4.72,-7.915108352713785E-4
4.724,-7.506419122984304E-4
4.728,-8.260811359979076E-4
4.732,-8.195180677793107E-4
4.736,-8.246627439653171E-4
4.74,-8.211768652411539E-4
4.744,-8.056947555972841E-4
4.748,-8.056707150543588E-4
4.752,-8.177871486886916E-4
4.756,-8.187487704057022E-4
4.76,-8.196142299510118E-4
4.764,-8.233164735615022E-4
4.768,-8.135800536767705E-4
4.772,-8.401929346950373E-4
4.776,-8.436066917904249E-4
4.78,-8.326682447594299E-4
4.784,-8.345434071076004E-4
4.788,-8.314421770702416E-4
4.792,-8.375725155161836E-4
4.796,-8.51564111498687E-4
4.8,-8.402410157808879E-4
4.804,-8.403131374096637E-4
4.808,-8.408179888110942E-4
4.812,-8.0759395848838E-4
4.816,-8.227635410742212E-4
4.82,-8.46996408342887E-4
4.824,-8.279803388890033E-4
4.828,-8.123059049017316E-4
4.832,-7.979056196894987E-4
4.836,-7.992999711791641E-4
4.84,-8.101903371243084E-4
4.844,-8.026416066457756E-4
4.848,-8.007664442976051E-4
4.852,-8.257205278540286E-4
4.856,-8.291823660352665E-4
4.86,-8.291102444064907E-4
4.864,-8.565885849700671E-4
4.868,-8.598821393508283E-4
4.872,-8.515400709557617E-4
4.876,-8.47188732686289E-4
4.88,-8.377407993166605E-4
4.884,-8.488715706910575E-4
4.888,-8.559154497681597E-4
4.892,-8.515881520416123E-4
4.896,-8.432701241894711E-4
4.9,-8.271148793436939E-4
4.904,-8.27667811830975E-4
4.908,-8.400967725233362E-4
4.912,-8.296631768937718E-4
4.916,-8.207200949255738E-4
4.92,-8.185804866052254E-4
4.924,-7.908377000694711E-4
4.928,-7.889144566354501E-4
4.932,-8.450491243659407E-4
4.936,-8.371878668293794E-4
4.94,-8.41899813242731E-4
4.944,-8.405054617530658E-4
4.948,-8.392553535209521E-4
4.952,-8.752200057371464E-4
4.956,-8.498091518651427E-4
4.96,-8.295429741791455E-4
4.964,-8.151186484239873E-4
4.968,-8.073535530591274E-4
4.972,-8.016799849287651E-4
4.976,-8.121376211012547E-4
4.98,-8.052860663675546E-4
4.984,-8.000692685527724E-4
4.988,-8.149984457093611E-4
4.992,-8.247108250511676E-4
4.996,-8.301680282952023E-4
5.0,-8.222827302157159E-4
5.0040000000000004,-8.259609332832812E-4
5.008,-8.336058259335152E-4
5.0120000000000005,-8.263936630559359E-4
5.016,-8.139406618206495E-4
5.0200000000000005,-8.287736768055371E-4
5.024,-8.350242179661057E-4
5.0280000000000005,-8.261292170837581E-4
5.032,-8.312738932697647E-4
5.0360000000000005,-8.213932301274812E-4
5.04,-8.272831631441708E-4
5.0440000000000005,-8.498572329509933E-4
5.048,-8.51107341183107E-4
5.0520000000000005,-8.536075576473344E-4
5.056,-8.610360854112408E-4
5.0600000000000005,-8.339664340773942E-4
5.064,-8.750517219366696E-4
5.0680000000000005,-8.945966833349088E-4
5.072,-8.932504129310941E-4
5.0760000000000005,-8.830091416449318E-4
5.08,-8.730563568738728E-4
5.0840000000000005,-8.649066128222083E-4
5.088,-8.799079116075727E-4
5.0920000000000005,-8.859901689676645E-4
5.096,-8.839467228190171E-4
5.1000000000000005,-8.750998030225201E-4
5.104,-8.620698287570271E-4
5.1080000000000005,-8.679838023166422E-4
5.112,-8.792107358627402E-4
5.1160000000000005,-8.807974116958077E-4
5.12,-8.615409368126713E-4
5.124,-8.473329759438406E-4
5.128,-8.36514731627472E-4
5.132,-8.541845306775407E-4
5.136,-8.537277603619607E-4
5.14,-8.537998819907364E-4
5.144,-8.688733024048769E-4
5.148,-8.635122613325429E-4
5.152,-8.757248571385769E-4
5.156,-8.937312237895994E-4
5.16,-8.941399130193288E-4
5.164,-8.933706156457205E-4
5.168,-9.113769822967428E-4
5.172,-8.825764118722771E-4
5.176,-9.218346184692325E-4
5.18,-9.447212153340835E-4
5.184,-9.368359172545969E-4
5.188,-9.340231737323411E-4
5.192,-9.226039158428409E-4
5.196,-9.161850908817955E-4
5.2,-9.218105779263073E-4
5.204,-9.249358485065915E-4
5.208,-9.221471455272609E-4
5.212,-9.185410640884714E-4
5.216,-9.160168070813187E-4
5.22,-9.342395386186684E-4
5.224,-9.341193359040422E-4
5.228,-9.345761062196222E-4
5.232,-9.518612565828867E-4
5.236,-9.399131067490306E-4
5.24,-9.328451871290032E-4
5.244,-9.569578516830427E-4
5.248,-9.538566216456836E-4
5.252,-9.586647302307364E-4
5.256,-9.590253383746153E-4
5.26,-9.486157832879761E-4
5.264,-9.479666886289941E-4
5.268,-9.5626067593821E-4
5.272,-9.481109318865456E-4
5.276,-9.563087570240605E-4
5.28,-9.584243248014837E-4
5.284,-9.250560512212178E-4
5.288,-9.388072417744686E-4
5.292,-9.886913683443905E-4
5.296,-9.666221499389986E-4
5.3,-9.662615417951197E-4
5.304,-9.624871765558532E-4
5.308,-9.566934057108647E-4
5.312,-9.832822461862062E-4
5.316,-9.85806503193359E-4
5.32,-0.0010070823836822171
5.324,-0.0010077314783411993
5.328,-0.0010014809371806307
5.332,-0.0010066496539095624
5.336,-0.0010162418305367427
5.34,-0.0010057361132784024
5.344,-0.001006240964679833
5.348,-9.953505987346887E-4
5.352,-9.878739898849316E-4
5.356,-0.0010093902758030425
5.36,-0.0010060967214222814
5.364,-0.0010014328560947802
5.368,-9.975863692267381E-4
5.372,-9.848208409334231E-4
5.376,-9.860228680796863E-4
5.38,-0.001008620978429434
5.384,-0.0010105923029493057
5.388,-0.001011000992179035
5.392,-9.995096126607591E-4
5.396,-9.82056178497018E-4
5.4,-9.720072315542576E-4
5.404,-9.783058538006765E-4
5.408,-9.760220022227765E-4
5.412,-9.741949209604565E-4
5.416,-9.823927460979715E-4
5.42,-9.424373637561836E-4
5.424,-0.0010009760857792001
5.428,-0.0010155686953348354
5.432,-0.0010020098291249864
5.436,-0.0010042936807028867
5.44,-9.954467609063896E-4
5.444,-9.959035312219696E-4
5.448,-0.00100732278911147
5.452,-9.975382881408875E-4
5.456,-0.0010008799236074992
5.46,-0.001002514680526417
5.464,-0.0010047504510184667
5.468,-0.0010135973708149636
5.472,-0.0010085488568006582
5.476,-0.0010269398721384848
5.48,-0.0010358348730208325
5.484,-0.0010287429128578798
5.488,-0.0010231414663562934
5.492,-0.0010479993877410157
5.496,-0.0010473502930820337
5.5,-0.0010472781714532579
5.5040000000000004,-0.0010381908462275082
5.508,-0.0010245358178459585
5.5120000000000005,-0.0010338395079580356
5.516,-0.0010473502930820337
5.5200000000000005,-0.0010416526844087464
5.524,-0.0010396573193459492
5.5280000000000005,-0.0010378061975407041
5.532,-0.001003957113101933
5.5360000000000005,-0.0010410516708356148
5.54,-0.001061317848521612
5.5440000000000005,-0.0010522064827529368
5.548,-0.0010420132925526252
5.5520000000000005,-0.001023742479929425
5.556,-0.0010204489255486637
5.5600000000000005,-0.0010361954811647113
5.564,-0.0010286948317720292
5.5680000000000005,-0.0010343924404453166
5.572,-0.0010422056168960274
5.5760000000000005,-0.0010382148867704335
5.58,-0.0010538652802147804
5.5840000000000005,-0.001059851375403171
5.588,-0.0010737468092139732
5.5920000000000005,-0.0010663904030788426
5.596,-0.0010614380512362382
5.6000000000000005,-0.0010562212534214561
5.604,-0.0010776413771678658
5.6080000000000005,-0.001070092646689333
5.612,-0.0010634574568419604
5.6160000000000005,-0.0010570867129667655
5.62,-0.0010500909149755136
5.6240000000000006,-0.001048936968915101
5.628,-0.0010640825109580173
5.632,-0.0010674001058817036
5.636,-0.001060596632233854
5.64,-0.0010657413084198604
5.644,-0.001026218655850727
5.648,-0.0010517016313515064
5.652,-0.001089252959400768
5.656,-0.0010576877265398971
5.66,-0.0010594426861734413
5.664,-0.0010633612946702592
5.668,-0.0010594426861734413
5.672,-0.0010793242151726343
5.676,-0.001082858174982648
5.68,-0.0010894452837441704
5.684,-0.0010778817825971186
5.688,-0.001075838336448471
5.692,-0.0010819686748944134
5.696,-0.0010834591885557797
5.7,-0.0010680011194548352
5.704,-0.0010531681044699476
5.708,-0.0010569184291662887
5.712,-0.0010364599271368894
5.716,-0.0010519901178666095
5.72,-0.001062880483811754
5.724,-0.0010504274825764673
5.728,-0.0010624958351249498
5.732,-0.0010593705645446656
5.736,-0.0010581685373984024
5.74,-0.0010699484034317815
5.744,-0.0010590339969437119
5.748,-0.0010556442803912498
5.752,-0.0010686982951996677
5.756,-0.0010584810644564309
5.76,-0.0010774730933673891
5.764,-0.001079564620601887
5.768,-0.0010783145123697733
5.772,-0.0010677366734826573
5.776,-0.0010472541309103326
5.78,-0.0010011924506655276
5.784,-0.0010592503618300393
5.788,-0.0010755017688475173
5.792,-0.0010726890253252616
5.796,-0.0010672077815383014
5.8,-0.0010602841051758256
5.804,-0.0010656451462481595
5.808,-0.0010662942409071414
5.812,-0.001055115388446894
5.816,-0.0010593705645446656
5.82,-0.001069443552030351
5.824,-0.0010527594152402182
5.828,-0.0010727130658681869
5.832,-0.0010734342821559447
5.836,-0.0010741554984437026
5.84,-0.0010804060396042712
5.844,-0.0010575675238252708
5.848,-0.0010454991712767884
5.852,-0.0010662221192783657
5.856,-0.0010569665102521393
5.86,-0.0010548749830176414
5.864,-0.001058312780655954
5.868,-0.001060764916034331
5.872,-0.001069251227686949
5.876,-0.0010738910524715247
5.88,-0.001067712632939732
5.884,-0.0010612938079786866
5.888,-0.001071535079264849
5.892,-0.0010362916433364125
5.896,-0.0010804300801471965
5.9,-0.0010961525952203188
5.904,-0.0010788914853999796
5.908,-0.0010807906882910755
5.912,-0.0010651643353896542
5.916,-0.0010588416726003097
5.92,-0.001071102349492194
5.924,-0.0010552115506185951
5.928,-0.0010654528219047573
5.932,-0.0010638180649858392
5.936,-0.0010524228476392645
5.94,-0.0010605725916909288
5.944,-0.0010599956186607225
5.948,-0.0010620390648093698
5.952,-0.0010632891730414835
5.956,-0.0010717514441511763
5.96,-0.0010735064037847204
5.964,-0.0010932917706122126
5.968,-0.001105288001531919
5.972,-0.0011055284069611717
5.976,-0.0011011049470629232
5.98,-0.0011037974878705527
5.984,-0.001096344919563721
5.988,-0.0010998067577449588
5.992,-0.001085502634704427
5.996,-0.0010653807002759814
6.0,-0.0010835313101845553
6.0040000000000004,-0.0010461482659357706
6.008,-0.001078290471826848
6.0120000000000005,-0.0011158898809619602
6.016,-0.0010914406488069673
6.0200000000000005,-0.0011009607038053714
6.024,-0.0011227414356956603
6.0280000000000005,-0.0011241598277282508
6.032,-0.001138848599455587
6.0360000000000005,-0.0011466136948204472
6.04,-0.0011437288296694155
6.0440000000000005,-0.0011388966805414376
6.048,-0.0011182939352544865
6.0520000000000005,-0.001123799219584372
6.056,-0.0011206258679182372
6.0600000000000005,-0.0011123799616948717
6.064,-0.0011104567182608507
6.0680000000000005,-0.0011162745296487645
6.072,-0.0011049754744738905
6.0760000000000005,-0.0011139425969850139
6.08,-0.0011220683004937529
6.0840000000000005,-0.001125554179217916
6.088,-0.0011233664898117172
6.0920000000000005,-0.0011188228271988424
6.096,-0.0011151205835883517
6.1000000000000005,-0.00113182876092141
6.104,-0.001130169963459567
6.1080000000000005,-0.001137406166880071
6.112,-0.0011466617759062975
6.1160000000000005,-0.0011377186939380995
6.12,-0.0011476233976233082
6.1240000000000006,-0.0011540422225843536
6.128,-0.0011447866135581271
6.132000000000001,-0.001142502761980227
6.136,-0.001138824558912662
6.140000000000001,-0.0010941091490716715
6.144,-0.0011533210062965957
6.148,-0.001143055694467508
6.152,-0.0011381033426249038
6.156,-0.001129184301199631
6.16,-0.001126515800934927
6.164,-0.0011453635865883334
6.168,-0.0011502918978880123
6.172,-0.0011387043561980354
6.176,-0.0011475993570803829
6.18,-0.0011485609787973935
6.184,-0.0011382716264253807
6.188,-0.0011580810337957978
6.192,-0.0011654614804738539
6.196,-0.001162576615322822
6.2,-0.0011703417106876824
6.204,-0.0011740439542981729
6.208,-0.0011649566290724233
6.212,-0.001189357780141566
6.216,-0.0011738275894118454
6.22,-0.0011714716162051697
6.224,-0.0011673847239078749
6.228,-0.001155268290273542
6.232,-0.001166663507620117
6.236,-0.001173875670497696
6.24,-0.001160653371888801
6.244,-0.0011610139800326798
6.248,-0.0011617832774062883
6.252,-0.0011144234078435192
6.256,-0.0011686348321399886
6.26,-0.0011785876169110477
6.264,-0.0011618794395779895
6.268,-0.0011581291148816484
6.272,-0.0011570713309929368
6.276,-0.0011594513447425378
6.28,-0.001161663074691662
6.284,-0.001152527668380062
6.288,-0.0011516381682918273
6.292,-0.0011465896542775219
6.296,-0.0011526478710946883
6.3,-0.0011684665483395118
6.304,-0.001162576615322822
6.308,-0.0011607014529746516
6.312,-0.0011595955880000894
6.316,-0.0011589945744269578
6.32,-0.0011566145606773568
6.324,-0.001195199632072405
6.328,-0.0011943101319841702
6.332,-0.0011937571994968892
6.336,-0.0011852949283871963
6.34,-0.0011687069537687643
6.344,-0.001184645833728214
6.348,-0.001184453509384812
6.352,-0.0011782029682242436
6.356,-0.0011861363473895804
6.36,-0.0011896703071995944
6.364,-0.0011370936398220426
6.368,-0.0011694281700565224
6.372,-0.0011981566188522122
6.376,-0.0011830591578951468
6.38,-0.0011687790753975402
6.384,-0.0011792126710271046
6.388,-0.0011914733479189892
6.392,-0.0012021713895207314
6.396,-0.0011991903621979985
6.4,-0.0012063544439897271
6.404,-0.0011970747944205753
6.408,-0.0011890692936264628
6.412,-0.001199046118940447
6.416,-0.0012064746467043534
6.42,-0.0012058495925882965
6.424,-0.001198397024281465
6.428,-0.0011979642945088103
6.432,-0.0011984691459102407
6.436,-0.001212629025693221
6.44,-0.0012123405391781176
6.444,-0.0012204902832297821
6.448,-0.001212725187864922
6.452,-0.0011864969555334594
6.456,-0.0012014982543188239
6.46,-0.001214071458268737
6.464,-0.001209984565971442
6.468,-0.0012045514032703324
6.472,-0.0012152975259579252
6.476,-0.0012270533514483792
6.48,-0.0012418382853474162
6.484,-0.0012401314067997224
6.488,-0.0012392178661685624
6.492,-0.0012453241640715794
6.496,-0.0012319095411192824
6.5,-0.001176327805876073
6.5040000000000004,-0.0012318614600334318
6.508,-0.0012482811508513867
6.5120000000000005,-0.0012527286512925607
6.516,-0.001245107799185252
6.5200000000000005,-0.0012285679056526708
6.524,-0.0012344818792122856
6.5280000000000005,-0.0012410689879738077
6.532,-0.0012337125818386772
6.5360000000000005,-0.001236789771333111
6.54,-0.0012338568250962287
6.5440000000000005,-0.0012223654455779526
6.548,-0.0012420306096908183
6.5520000000000005,-0.0012387610958529824
6.556,-0.001235972392873652
6.5600000000000005,-0.001224144445754422
6.564,-0.0012270052703625288
6.5680000000000005,-0.0012224375672067285
6.572,-0.0012328471222933677
6.5760000000000005,-0.0012207066481161094
6.58,-0.0012197690669420243
6.5840000000000005,-0.001224505053898301
6.588,-0.0012213317022321663
6.5920000000000005,-0.001227750527193212
6.596,-0.0012236876754388422
6.6000000000000005,-0.0012408766636304055
6.604,-0.0012518872322901764
6.6080000000000005,-0.0012498918672273797
6.612,-0.001197483483650305
6.6160000000000005,-0.0012506371240580628
6.62,-0.0012590993951677554
6.6240000000000006,-0.0012472714480485257
6.628,-0.0012355877441868478
6.632000000000001,-0.001222028877976999
6.636,-0.0012205383643156325
6.640000000000001,-0.00124354516389511
6.644,-0.0012302026625715886
6.648000000000001,-0.0012221731212345506
6.652,-0.0012340251088967056
6.656000000000001,-0.001228591946195596
6.66,-0.0012349867306137162
6.664,-0.0012247214187846287
6.668,-0.0012142157015262885
6.672,-0.0012116674039762102
6.676,-0.0012083738495954491
6.68,-0.0012225096888355041
6.684,-0.0012249858647568066
6.688,-0.001207989200908645
6.692,-0.0012107779038879754
6.696,-0.0012103211335723954
6.7,-0.0012054889844444175
6.704,-0.0012096479983704882
6.708,-0.0012287361894531476
6.712,-0.0012220048374340738
6.716,-0.0012299382165994108
