3.2228043117373125e-07,6.696867745125385e-07,7.389625248706557e-07,2.9952575934710222e-05
3.2140791855945937e-07,6.592352204480538e-07,7.355217578821553e-07,2.995205534594209e-05
3.207763188131531e-07,6.490141283604939e-07,7.320585461933048e-07,2.996500194482989e-05
3.203966044177105e-07,6.391146400510611e-07,7.285470070856254e-07,2.999456037447085e-05
3.202832613139663e-07,6.296212600572716e-07,7.249664590707763e-07,3.0043465009067693e-05
3.20449741340946e-07,6.206062199944999e-07,7.21301374321266e-07,3.011386109051005e-05
3.209045672033577e-07,6.121263921104906e-07,7.175374889843748e-07,3.020724292524254e-05
3.216497478312405e-07,6.04222730544285e-07,7.13658839784631e-07,3.0324479822750146e-05
3.2268049102089065e-07,5.969241173555515e-07,7.096485774623154e-07,3.046587163783609e-05
3.239860743655107e-07,5.902535752700989e-07,7.054906912040418e-07,3.063116661377088e-05
3.255512627859066e-07,5.842307355355736e-07,7.011704419146225e-07,3.0819552304935386e-05
3.273577337000689e-07,5.788698008283312e-07,6.96676676873126e-07,3.102971359780028e-05
3.293860134126518e-07,5.741772735035868e-07,6.92008882770381e-07,3.125997788395921e-05
3.316171968206133e-07,5.701515008714168e-07,6.871848180217146e-07,3.150847788479903e-05
3.340333417906849e-07,5.66783729244693e-07,6.82242379865324e-07,3.177329382788235e-05
3.366177282219101e-07,5.640598701654132e-07,6.772350690458511e-07,3.205254912031847e-05
3.3935686572466226e-07,5.619613747074534e-07,6.722238100888288e-07,3.234442677706097e-05
3.422429446719258e-07,5.604639893483998e-07,6.672674768480207e-07,3.264715212544743e-05
3.452737844362277e-07,5.595359069465561e-07,6.624157635023985e-07,3.2959018705364806e-05
3.484508937213111e-07,5.591383708480925e-07,6.577078633768868e-07,3.3278430274656205e-05
3.5177739419683125e-07,5.592291963277929e-07,6.531757390015328e-07,3.3603877140084954e-05
3.552548940359013e-07,5.597664849560362e-07,6.488466812380246e-07,3.393384532505163e-05
3.5887996057140753e-07,5.607095224250434e-07,6.447425234503361e-07,3.426670990777529e-05
3.6264289390234323e-07,5.620169818364179e-07,6.408790322064365e-07,3.460064525816956e-05
3.6652905957200777e-07,5.636454974020673e-07,6.372673154053512e-07,3.493360302945257e-05
3.7052143232244466e-07,5.65550606614155e-07,6.339143530930556e-07,3.526339754213907e-05
3.746025605429383e-07,5.676903162152125e-07,6.308236892703446e-07,3.5587836545997116e-05
3.7875420936720747e-07,5.700298763916085e-07,6.279997839581247e-07,3.590480662191831e-05
3.829561709799819e-07,5.725435239657186e-07,6.254549134257011e-07,3.621229742389579e-05
3.871866484879501e-07,5.75211295618332e-07,6.232146374109123e-07,3.650839879567044e-05
3.9142303931577135e-07,5.780153313848141e-07,6.213184986886291e-07,3.679130539876481e-05
3.9564197418601815e-07,5.809388383068466e-07,6.198170580194299e-07,3.705931359091619e-05
3.9982012406128994e-07,5.839659205880835e-07,6.187686515926522e-07,3.731076799537899e-05
4.039353706114215e-07,5.870830261758147e-07,6.182346008807567e-07,3.7543989837582826e-05
4.079669908163575e-07,5.902830732802598e-07,6.182711531692892e-07,3.7757244983763674e-05
4.11896819032421e-07,5.935670945347648e-07,6.189227658353791e-07,3.794874320697933e-05
4.1571137963632676e-07,5.969411953180683e-07,6.202218656668018e-07,3.811666295211913e-05
4.1940142595240114e-07,6.004132076594603e-07,6.221927689865993e-07,3.825922678206366e-05
4.229593133532228e-07,6.039896655627278e-07,6.248536065984538e-07,3.8374799513223376e-05
4.2637706051711114e-07,6.076713967704453e-07,6.282143741186303e-07,3.8461930392917057e-05
4.296451583359208e-07,6.114504436233183e-07,6.322740875185617e-07,3.851932318105048e-05
4.327517926598923e-07,6.153103918019267e-07,6.370196781850985e-07,3.8545812335434756e-05
4.356833842020368e-07,6.192278982533357e-07,6.424261288989236e-07,3.8540399447692026e-05
4.3842774915662526e-07,6.231739280258546e-07,6.484573912672358e-07,3.8502315710784086e-05
4.4097897923497935e-07,6.271154830836143e-07,6.550700623033476e-07,3.843106159945912e-05
4.433394725917162e-07,6.310177221353604e-07,6.622191607380601e-07,3.832640268416258e-05
4.4551783616821356e-07,6.348458726955646e-07,6.698614125090056e-07,3.8188347385924864e-05
4.4752669065918e-07,6.385661656716444e-07,6.779542802502704e-07,3.801722098739381e-05
4.493813536220532e-07,6.421451503494095e-07,6.864528894483906e-07,3.7813861646263134e-05
4.510982554259056e-07,6.455494203578029e-07,6.953077511469442e-07,3.757972985544669e-05
4.526941707973193e-07,6.487473893632059e-07,7.044645814653668e-07,3.7316794983810776e-05
4.541851652275321e-07,6.517112476589357e-07,7.138645969077809e-07,3.7027322000090555e-05
4.555837735844739e-07,6.544174343418862e-07,7.234441632382213e-07,3.6713680582091686e-05
4.5689731580412514e-07,6.568465014412253e-07,7.331350834984963e-07,3.637820797503189e-05
4.5812935866004745e-07,6.589832134929679e-07,7.428669803630389e-07,3.602320746503459e-05
4.5928185373404714e-07,6.608158136598368e-07,7.525713390862346e-07,3.56510745128067e-05
4.603559724041559e-07,6.62333770390371e-07,7.621841562933499e-07,3.5264349186699216e-05
4.613532132614826e-07,6.635259414624615e-07,7.71645051342945e-07,3.48656151220951e-05
4.622780734941861e-07,6.643808304787237e-07,7.808953469665119e-07,3.4457371284672704e-05
4.6314017717292216e-07,6.6488756625102e-07,7.898794782242609e-07,3.4041952522208164e-05
4.639535602728525e-07,6.650365055804379e-07,7.985488007476193e-07,3.362148074385221e-05
4.64733400139968e-07,6.648197910484271e-07,8.068612469920299e-07,3.319782646538935e-05
4.654924825961824e-07,6.6423159720816e-07,8.14775867564467e-07,3.277258527172861e-05
4.662402938449152e-07,6.632678775461604e-07,8.222492321403991e-07,3.234708569268542e-05
4.66984636938095e-07,6.61925512759144e-07,8.29236408292996e-07,3.192242396398131e-05
4.677330447504121e-07,6.6020140536397e-07,8.356928730639323e-07,3.149948598866956e-05
4.684927582840289e-07,6.5809273870604e-07,8.415755754716152e-07,3.107893435154524e-05
4.6926999871572856e-07,6.555984453857127e-07,8.468436276492295e-07,3.066120648197633e-05
4.700703236574354e-07,6.527212601483436e-07,8.514584060155541e-07,3.024656175976469e-05
4.7089965065086744e-07,6.494689844753472e-07,8.553844568743803e-07,2.983514976031841e-05
4.7176298895951116e-07,6.458535972996404e-07,8.58592640922036e-07,2.942708269465503e-05
4.7266183747603685e-07,6.418907566840833e-07,8.610625516064344e-07,2.902251844246414e-05
4.7359371461815863e-07,6.376024115439764e-07,8.627822011213968e-07,2.8621730415318922e-05
4.745539256087286e-07,6.330187935631165e-07,8.637474199423296e-07,2.8225143495507765e-05
4.755389290029912e-07,6.281764323689514e-07,8.639615777866693e-07,2.7833341986506946e-05
4.7655076687955466e-07,6.231148605680662e-07,8.634339073388273e-07,2.744704197436099e-05
4.775989827855765e-07,6.178743230647146e-07,8.621768239691093e-07,2.706702410126704e-05
4.78697270996157e-07,6.124952730580306e-07,8.602040848419755e-07,2.669406142773557e-05
4.798574790870012e-07,6.070204861509094e-07,8.575298159531627e-07,2.632887599499491e-05
4.81085508812843e-07,6.014975698423086e-07,8.541675312831344e-07,2.597210753774521e-05
4.823803567275707e-07,5.959786635160935e-07,8.501305700661666e-07,2.5624272173574992e-05
4.837347884767075e-07,5.905168600748705e-07,8.454349299934906e-07,2.528576669329949e-05
4.851370249923053e-07,5.851619983605956e-07,8.401026104045466e-07,2.4956952592516986e-05
4.86573321580246e-07,5.799601883634254e-07,8.341633918438658e-07,2.463823414491701e-05
4.880296168729891e-07,5.749569420369211e-07,8.276534039054055e-07,2.4330075809403726e-05
4.894907183768553e-07,5.701986988488924e-07,8.206105421755923e-07,2.4032998921775656e-05
4.909386221408351e-07,5.657307597226839e-07,8.130705135404956e-07,2.374758702097933e-05
4.923529562129925e-07,5.615942524295194e-07,8.050665681893434e-07,2.347446902725097e-05
4.93713618689542e-07,5.578253739088298e-07,7.96630913743112e-07,2.32142350677476e-05
4.950026540550351e-07,5.5445878747587e-07,7.877944775559683e-07,2.296732097967608e-05
4.962040629452923e-07,5.515327348534935e-07,7.785856203866311e-07,2.273393281874578e-05
4.973031930789155e-07,5.49091145821727e-07,7.6903075742674e-07,2.25140210412167e-05
4.98287063931571e-07,5.471806844949535e-07,7.59156957592492e-07,2.2307320824350324e-05
4.991447983859167e-07,5.458437353051639e-07,7.489937031989967e-07,2.2113499439284342e-05
4.998671857183397e-07,5.451123731091086e-07,7.385733592037412e-07,2.1932351562344574e-05
5.004458827659907e-07,5.450073407746229e-07,7.27933491393249e-07,2.1763885581836888e-05
5.008726580683203e-07,5.455389941098829e-07,7.171204577198548e-07,2.1608224610964705e-05
5.011388709246161e-07,5.467074222772178e-07,7.061881852493162e-07,2.146541387594889e-05
5.012355301938688e-07,5.485025143989647e-07,6.951911384266333e-07,2.133527835767492e-05
5.011536946337503e-07,5.509042757053718e-07,6.84178006902222e-07,2.1217378934185927e-05
5.008844669977346e-07,5.538843948652371e-07,6.731902241783529e-07,2.111102233635321e-05
5.00418622290204e-07,5.574090664081197e-07,6.622635471194547e-07,2.101529184324369e-05
4.9974715187988e-07,5.614408781366938e-07,6.514297191022691e-07,2.0929129275159346e-05
4.988623717441591e-07,5.659394259467167e-07,6.407173715762424e-07,2.085154064001939e-05
4.977577521374943e-07,5.708615938042914e-07,6.301543509412106e-07,2.078188412310365e-05
4.964266367554063e-07,5.761618859098373e-07,6.197742039258235e-07,2.0720019393511667e-05
4.948619123289928e-07,5.817936841227577e-07,6.0962399316941e-07,2.0666200457594807e-05
4.93057392281645e-07,5.87712191397583e-07,5.997653017391436e-07,2.062084695343448e-05
4.910094691751532e-07,5.938770574814147e-07,5.902665169542621e-07,2.058434603228469e-05
4.88718692382904e-07,6.002511584856072e-07,5.811964270218483e-07,2.055695435896223e-05
4.861911969230505e-07,6.067965279527947e-07,5.726269865480267e-07,2.0538903830529942e-05
4.834378733467296e-07,6.134715321405471e-07,5.646401917961647e-07,2.0530687530046758e-05
4.80471749294346e-07,6.202309685047726e-07,5.573311672468891e-07,2.0533253155889482e-05
4.773069929214733e-07,6.270288188178546e-07,5.508052927294709e-07,2.0547957593530985e-05
4.73959913248699e-07,6.338209150914315e-07,5.451709312299943e-07,2.0576408329922935e-05
4.704492136242368e-07,6.40564538716387e-07,5.405302015747072e-07,2.0620304118367475e-05
4.6679408331067993e-07,6.472176135822415e-07,5.36969947133616e-07,2.0681292630561788e-05
4.630118709850005e-07,6.537412329581663e-07,5.345561611593921e-07,2.0760841779456325e-05
4.5911770117431353e-07,6.601034464074449e-07,5.333342719008299e-07,2.0860123801106272e-05
4.551251631593765e-07,6.662809738814414e-07,5.333324782594478e-07,2.0979927714925856e-05
4.510459422371836e-07,6.722585655485422e-07,5.345635255110774e-07,2.112060861326214e-05
4.46889243972604e-07,6.780260575791997e-07,5.370247663060264e-07,2.1282055260250945e-05
4.4266248826900855e-07,6.835736099992139e-07,5.406991994303541e-07,2.1463667443735386e-05
4.3837270585958655e-07,6.888877947653678e-07,5.45557226019469e-07,2.1664370947060613e-05
4.340281818622141e-07,6.939509955264564e-07,5.515577043404265e-07,2.1882693446204706e-05
4.296396803348778e-07,6.987436316681798e-07,5.586508736732155e-07,2.2116891744954425e-05
4.2521978985395773e-07,7.032467091009295e-07,5.66784698085099e-07,2.2365110014284626e-05
4.2078133571756397e-07,7.074434759642115e-07,5.759101661036398e-07,2.2625536305195418e-05
4.163366692003237e-07,7.113207491139007e-07,5.859817362428414e-07,2.2896512657386603e-05
4.118977839615429e-07,7.148706457467751e-07,5.969540797025375e-07,2.3176584464453783e-05
4.07477094333891e-07,7.180915000466937e-07,6.087776779323811e-07,2.3464513684883537e-05
4.030877714228647e-07,7.209852102591119e-07,6.213951176500533e-07,2.3759266107625712e-05
3.9874266064536366e-07,7.235530252367484e-07,6.347395635247609e-07,2.4059950577523435e-05
3.94454367569789e-07,7.257940779525348e-07,6.487365174456821e-07,2.436571196244755e-05
3.9023782338256934e-07,7.277052975700728e-07,6.633077877169375e-07,2.4675616965408426e-05
3.861114481097802e-07,7.292803454286221e-07,6.783746345210587e-07,2.4988568271811662e-05
3.8209453308544274e-07,7.305086907555806e-07,6.938592500833844e-07,2.5303299189451176e-05
3.782039171808522e-07,7.313766218403687e-07,7.096864926277721e-07,2.561849517905157e-05
3.7445303480388976e-07,7.318717683981781e-07,7.257866310079236e-07,2.5932960090861066e-05
3.708523404833173e-07,7.319893663673874e-07,7.420964812425234e-07,2.624568149909907e-05
3.674089876566304e-07,7.31734346042348e-07,7.58556185460852e-07,2.6555785231597395e-05
3.641260355047896e-07,7.311182902622751e-07,7.751048790646527e-07,2.6862474048436926e-05
3.610023860537088e-07,7.301563016563889e-07,7.916818673898163e-07,2.7164998371046773e-05
3.5803338064134493e-07,7.288648362593007e-07,8.082324983295879e-07,2.7462620837876225e-05
3.5521181514042036e-07,7.272598665594626e-07,8.247103103111223e-07,2.775452142352674e-05
3.525296825877883e-07,7.253589039725807e-07,8.410713849799793e-07,2.803968199213032e-05
3.4997990852994087e-07,7.231862146371744e-07,8.572666160994329e-07,2.8316869109081328e-05
3.475571065055749e-07,7.207733119124129e-07,8.732392763721857e-07,2.8584768496819396e-05
3.4525830156078074e-07,7.181527368912461e-07,8.889277777717889e-07,2.884219569842376e-05
3.43084259953368e-07,7.153527171232922e-07,9.042687877134331e-07,2.9088294063122106e-05
3.410404591364173e-07,7.123965340073702e-07,9.191981583990288e-07,2.9322680263600988e-05
3.3913767253986537e-07,7.093031783481277e-07,9.336506901543548e-07,2.9545472227844264e-05
3.373914732538064e-07,7.06087444314174e-07,9.4756106378428e-07,2.9757162805453272e-05
3.358189173262335e-07,7.027601752346296e-07,9.608659884934848e-07,2.9958408014411408e-05
3.344348095135459e-07,6.993287217359227e-07,9.735060544229094e-07,3.0149804573403844e-05
3.332508241583508e-07,6.957975617798824e-07,9.854270890501914e-07,3.0331700636682702e-05
3.322757479288336e-07,6.92168714674775e-07,9.9658081073752e-07,3.050409691397712e-05
3.3151457213287914e-07,6.884423677017362e-07,1.0069261204204095e-06,3.0666665193730706e-05
3.3096757121127853e-07,6.846184928931176e-07,1.0164338390914111e-06,3.08188392404406e-05
3.3063143459619817e-07,6.806977123658558e-07,1.0250916510827558e-06,3.095993039994364e-05
3.305014028110981e-07,6.76680509678273e-07,1.0329021602952156e-06,3.1089269138025106e-05
3.30571358399962e-07,6.725662880959099e-07,1.0398742817279496e-06,3.12063019075316e-05
3.3083246765574565e-07,6.683532225756158e-07,1.046015113195658e-06,3.1310529839158845e-05
3.3127293050655425e-07,6.640395383614285e-07,1.0513273054652371e-06,3.140136883246583e-05
3.318787245034264e-07,6.596261517963165e-07,1.055810942425764e-06,3.1478120653513675e-05
3.3263443894768057e-07,6.551193926819896e-07,1.0594659134508728e-06,3.1540131149034456e-05
3.335243475689547e-07,6.505317281982608e-07,1.062292345325137e-06,3.158712148261942e-05
3.345338541227871e-07,6.458797552316806e-07,1.0642895407850751e-06,3.161954590158527e-05
3.356507459426624e-07,6.411827154497371e-07,1.0654556540484122e-06,3.1638699306629e-05
3.3686492452970966e-07,6.36462813156805e-07,1.0657900922136445e-06,3.1646508015655355e-05
3.381660229165213e-07,6.317437444969336e-07,1.0652964283572969e-06,3.1645223444323075e-05
3.395409898414513e-07,6.27048263370684e-07,1.0639819714524276e-06,3.163718664897989e-05
3.4097392757888843e-07,6.223994453218046e-07,1.0618562346316484e-06,3.162467365777821e-05
3.424470192092081e-07,6.178241168722785e-07,1.0589313984908722e-06,3.1609792557792875e-05
3.439407577433173e-07,6.133535900623572e-07,1.0552217150408191e-06,3.159440660199929e-05
3.4543499856269787e-07,6.0902080042548e-07,1.0507406527018996e-06,3.1580071775870626e-05
3.469124434722241e-07,6.048558263203472e-07,1.045499696610534e-06,3.1567994224779265e-05
3.4836188213970265e-07,6.008823618177249e-07,1.0395096926257142e-06,3.155899356435847e-05
3.497775594215729e-07,5.971169327876413e-07,1.0327820124683788e-06,3.1553451017637965e-05
3.5115592084141087e-07,5.935708485169626e-07,1.025329102304788e-06,3.155127697607185e-05
3.5249395495310175e-07,5.902530228402344e-07,1.0171653323026968e-06,3.155195296358459e-05
3.537902595994137e-07,5.87170944873162e-07,1.0083075456014371e-06,3.1554646411125944e-05
3.550461416532463e-07,5.8432985842899e-07,9.987746918434969e-07,3.155836351226688e-05
3.5626476718520865e-07,5.817318135056925e-07,9.88587279292723e-07,3.1562111837930125e-05
3.574496470654762e-07,5.793741066760328e-07,9.777679579685431e-07,3.15650252780953e-05
3.586039929762e-07,5.77247637082359e-07,9.663429493945056e-07,3.1566406805706785e-05
3.597305371483827e-07,5.753373816700764e-07,9.543425002794446e-07,3.156572689126488e-05
3.6083122500690563e-07,5.73624769200738e-07,9.417998061809198e-07,3.15626453009663e-05
3.6190706298295577e-07,5.720900536241313e-07,9.287501025818063e-07,3.1557042108896024e-05
3.6295847970757274e-07,5.707141266481942e-07,9.152312789369448e-07,3.154900781752763e-05
3.639852337528208e-07,5.694804418624713e-07,9.012844987656021e-07,3.153880072538423e-05
3.649850130603109e-07,5.683766767899725e-07,8.869527145610023e-07,3.152680497359068e-05
3.6595225491523227e-07,5.673940501059007e-07,8.722776984507557e-07,3.1513456841875156e-05
3.66878383168792e-07,5.665244653121738e-07,8.572979454417612e-07,3.149908537534318e-05
3.6775261870244714e-07,5.657603362111076e-07,8.420484353228743e-07,3.1483733467274936e-05
3.685628989263203e-07,5.650988060196638e-07,8.265618462036584e-07,3.146708414366546e-05
3.6929758125656217e-07,5.645438315180579e-07,8.108703459253795e-07,3.144849306371817e-05
3.6994749127023025e-07,5.641032206738435e-07,7.950060940059108e-07,3.1427058554835266e-05
3.7050607551417187e-07,5.637871625299592e-07,7.79000299867912e-07,3.1401724283525665e-05
3.709678377226218e-07,5.636100266210595e-07,7.628834150055612e-07,3.137139819131917e-05
3.7132776518226436e-07,5.635898112069547e-07,7.466873172212854e-07,3.13349999218848e-05
3.715816222162746e-07,5.637453563768928e-07,7.304471481577344e-07,3.129141345611518e-05
3.717258076780118e-07,5.640947075190406e-07,7.142003216546045e-07,3.123943613340374e-05
3.7175722094373453e-07,5.646533530818586e-07,6.979836271881567e-07,3.1177792663349844e-05
3.7167299125071094e-07,5.654325426790719e-07,6.818320114500245e-07,3.1105205291980296e-05
3.714697997974053e-07,5.664412767560969e-07,6.657793754865423e-07,3.102051331859221e-05
3.71143486749301e-07,5.676900978776986e-07,6.498590566635663e-07,3.0922840610307646e-05
3.7068907658895225e-07,5.691910530714984e-07,6.341045431718339e-07,3.081172025899449e-05
3.7010073356209654e-07,5.709543285795814e-07,6.185512854305804e-07,3.0687052583095416e-05
3.693718933890632e-07,5.729853739001216e-07,6.03237800129286e-07,3.0548926268009836e-05
3.684964074327509e-07,5.752832806046489e-07,5.882044338088002e-07,3.039747072670333e-05
3.674698537302984e-07,5.77840087143199e-07,5.734903028701241e-07,3.0232833393607605e-05
3.662892728309306e-07,5.806412943754661e-07,5.591310466133921e-07,3.005521305355708e-05
3.6495263841214525e-07,5.836670460827198e-07,5.451589243360389e-07,2.986486266155028e-05
3.6346054695834093e-07,5.868922179442014e-07,5.316038659528516e-07,2.9662068687655768e-05
3.618187181165079e-07,5.902852772801775e-07,5.184940633020445e-07,2.944717952269013e-05
3.600382489602428e-07,5.938088401900727e-07,5.058552600297168e-07,2.9220753445596e-05
3.5813374449124927e-07,5.974238440152349e-07,4.937092354011491e-07,2.8983726730370533e-05
3.561211726458223e-07,6.010942522757557e-07,4.820737450621462e-07,2.873738474846269e-05
3.5401634209682953e-07,6.047885198830499e-07,4.7096427158500183e-07,2.848313465084008e-05
3.5183435809617e-07,6.084784513541316e-07,4.60396001107309e-07,2.822227302010689e-05
3.495895069156459e-07,6.121369634345795e-07,4.503841629754897e-07,2.79559158780236e-05
3.472947401903861e-07,6.157356046523473e-07,4.4094149598611936e-07,2.768518669590572e-05
3.44961155704698e-07,6.192439025994618e-07,4.320749049519565e-07,2.741156434554238e-05
3.4259807851128987e-07,6.226312030502297e-07,4.237841540285381e-07,2.7137097041985306e-05
3.4021448260568923e-07,6.258681896495935e-07,4.1606302892667507e-07,2.6864321517816557e-05
3.378222316511623e-07,6.289261762752404e-07,4.089020163983496e-07,2.659601174041019e-05
3.354389664819429e-07,6.317777600658149e-07,4.022899740490081e-07,2.633493725804702e-05
3.330877575894361e-07,6.344023835485563e-07,3.962135528654242e-07,2.608368413610177e-05
3.307943199619907e-07,6.367927630877735e-07,3.9065620927765543e-07,2.5844512909970906e-05
3.285842137294529e-07,6.389547933633279e-07,3.8559786622544057e-07,2.5619243903914128e-05
3.264806635252059e-07,6.409002997307081e-07,3.8101502501452064e-07,2.5409189025461506e-05
3.245035138781313e-07,6.426394311405414e-07,3.768822364473967e-07,2.521514433913527e-05
3.2266915627132485e-07,6.44178068094152e-07,3.731769894603344e-07,2.5037436012869792e-05
3.209900913584561e-07,6.455202683053143e-07,3.698868691682857e-07,2.487598379634108e-05
3.194752192920961e-07,6.466727942739148e-07,3.6701281884494523e-07,2.473034130804236e-05
3.181318016400648e-07,6.47647993188944e-07,3.645650550124057e-07,2.4599721480564358e-05
3.169659811059106e-07,6.484625024445312e-07,3.625564018687721e-07,2.4483060096125104e-05
3.159807247788886e-07,6.491324721198432e-07,3.609999126151176e-07,2.437914646734599e-05
3.1517474635910194e-07,6.496699408070451e-07,3.599098490654804e-07,2.428677342414965e-05
3.145436674345239e-07,6.500831020393047e-07,3.592997482153877e-07,2.4204810933102547e-05
3.1408123893065226e-07,6.503773540826334e-07,3.591776580990283e-07,2.413216434392796e-05
3.1378056955515e-07,6.50555371596129e-07,3.595432827202543e-07,2.406767812183105e-05
3.13636704183244e-07,6.506174337831417e-07,3.6038782340193577e-07,2.401006919604646e-05
3.1364881499409226e-07,6.505622759197017e-07,3.616951898088168e-07,2.3957916303312124e-05
3.1381939722424877e-07,6.503892941850661e-07,3.6344398476706793e-07,2.390967876325907e-05
3.141508272230474e-07,6.501016415081761e-07,3.656091154744983e-07,2.3863723016203408e-05
3.1464183957050254e-07,6.497077427642403e-07,3.681620954614461e-07,2.3818359467127507e-05
3.152864128191973e-07,6.492215799644015e-07,3.710706699107705e-07,2.3771911999564484e-05
3.160750129014422e-07,6.486636024393981e-07,3.7429943007944773e-07,2.372284713496599e-05
3.169963784437364e-07,6.480623714331395e-07,3.7781267963231226e-07,2.3669916959889827e-05
3.1803945859779345e-07,6.474564540949533e-07,3.8157831490186513e-07,2.361221609983444e-05
3.191952464443053e-07,6.468944186326076e-07,3.855690123006673e-07,2.3549129558373816e-05
3.2045644924114306e-07,6.464299784632032e-07,3.8975926454780066e-07,2.3480226066238e-05
3.218147734277872e-07,6.461146815398094e-07,3.941219924192749e-07,2.340518003924979e-05
3.232591301402565e-07,6.459933682530146e-07,3.986287856428081e-07,2.3323773074984626e-05
3.2477661290321195e-07,6.461034493757447e-07,4.032524072063918e-07,2.3235900048108458e-05
3.263543863938089e-07,6.46476490734836e-07,4.0796817627788813e-07,2.3141516248346654e-05
3.2798011806364733e-07,6.471389183306164e-07,4.1275405129373606e-07,2.304061085809711e-05
3.296407899887249e-07,6.481097694841535e-07,4.175894650202052e-07,2.293327716064166e-05
3.3132177651175805e-07,6.493988103830023e-07,4.224528742536568e-07,2.281984399058963e-05
3.3300712991845715e-07,6.510068332999302e-07,4.273209432714e-07,2.2701017962898443e-05
3.346801920228422e-07,6.529271032254363e-07,4.3216989132689226e-07,2.2577995448381945e-05
3.363243795504756e-07,6.551493883991878e-07,4.3697609432438297e-07,2.24524782547105e-05
3.379241645622194e-07,6.576657636596331e-07,4.417170417569586e-07,2.2326534246274955e-05
3.394650618852057e-07,6.60474384738761e-07,4.4637537325790893e-07,2.220232654456388e-05
3.4093265213939304e-07,6.635800388788879e-07,4.50944352961601e-07,2.208181474555212e-05
3.423121457533573e-07,6.669910296712129e-07,4.55431722175541e-07,2.196655116284285e-05
3.435889324275507e-07,6.707122306793191e-07,4.598596031208829e-07,2.1857624416298558e-05
3.4474959767000045e-07,6.747387173246812e-07,4.6425904037963436e-07,2.1755686123617775e-05
3.45782379296206e-07,6.790545205225802e-07,4.6866248547459116e-07,2.1661004969203243e-05
3.466765882400105e-07,6.836352435145783e-07,4.7309977510016604e-07,2.157361362676519e-05
3.4742240582093783e-07,6.8845145285368e-07,4.775968685523925e-07,2.1493608225927213e-05
3.480116521983568e-07,6.934712817255893e-07,4.821731271101635e-07,2.1421444070941945e-05
3.4843842415301196e-07,6.986618062799922e-07,4.868386286292673e-07,2.1357988137659027e-05
3.4869915543888985e-07,7.039896760787937e-07,4.915955760504218e-07,2.1304343184352082e-05
3.4879243649431465e-07,7.094209889247633e-07,4.964426104542049e-07,2.126161802665658e-05
3.4871894936751453e-07,7.149203621358213e-07,5.01377713333388e-07,2.1230747279440728e-05
3.4848090907171195e-07,7.204505411402141e-07,5.063980109582596e-07,2.121249134339197e-05
3.480805241897595e-07,7.259748214179619e-07,5.114981864923888e-07,2.1207674363837367e-05
3.4751949514914286e-07,7.314628126785366e-07,5.166699396584682e-07,2.121741933962563e-05
3.468007723972031e-07,7.368949033424873e-07,5.219025718438866e-07,2.1243141238166968e-05
3.4592950283723746e-07,7.422601654433687e-07,5.271824298797086e-07,2.1286371462176305e-05
3.449110557641919e-07,7.475495227619687e-07,5.324911172817178e-07,2.134858027555937e-05
3.4374903561951697e-07,7.527503561229162e-07,5.378054171835251e-07,2.143103932873603e-05
3.4244612875249553e-07,7.578457145081381e-07,5.4309940349169e-07,2.153470956662934e-05
3.41006648466605e-07,7.628160940972518e-07,5.483461134643897e-07,2.166015996986932e-05
3.394376140406294e-07,7.676403490399684e-07,5.535180846868958e-07,2.1807529142420205e-05
3.377472715082174e-07,7.722953685419724e-07,5.585881420374645e-07,2.197653322996582e-05
3.359429980812064e-07,7.767567446904385e-07,5.635300522154229e-07,2.2166521901688957e-05
3.340300083576576e-07,7.810016278329025e-07,5.683184663165906e-07,2.237656027447684e-05
3.320108708410449e-07,7.850109478388029e-07,5.729309315957071e-07,2.260548721104595e-05
3.2988588474987567e-07,7.887678556281387e-07,5.773529998984667e-07,2.285192061086897e-05
3.276541016102685e-07,7.922550089128806e-07,5.815825296404626e-07,2.311421757992445e-05
3.2531415211725447e-07,7.954543285578511e-07,5.856308843168033e-07,2.339043428866849e-05
3.228644839635341e-07,7.98347649223207e-07,5.895212941188382e-07,2.367834971479939e-05
3.203041566577548e-07,8.009158937869126e-07,5.932844138609069e-07,2.397555195905088e-05
3.176352475145752e-07,8.031373676854389e-07,5.969525306467226e-07,2.427951345864587e-05
3.1486530051203926e-07,8.049866547718259e-07,6.00554617554549e-07,2.458763374597252e-05
3.120070598270187e-07,8.06435004911834e-07,6.041149432705828e-07,2.4897301219828813e-05
3.0907573249099397e-07,8.074526464250071e-07,6.076569667683168e-07,2.520598311304607e-05
3.060867043964996e-07,8.080123274073789e-07,6.112077619998285e-07,2.551128642401107e-05
3.030545121139069e-07,8.080913279483622e-07,6.147960230928491e-07,2.5810952436112585e-05
2.9999210584589177e-07,8.076705102950768e-07,6.184448310773114e-07,2.610280087560209e-05
2.969111743618041e-07,8.067328405181694e-07,6.221667200281839e-07,2.638467772850471e-05
2.938233555362394e-07,8.052630023993071e-07,6.259641065813619e-07,2.665448613700608e-05
2.907402847162566e-07,8.03247551595568e-07,6.298310815969036e-07,2.6910307942160888e-05
2.876729513627489e-07,8.006761269173784e-07,6.337535985669604e-07,2.7150506862922025e-05
2.84631665399296e-07,7.975432207859412e-07,6.377101825578728e-07,2.7373744840213057e-05
2.8162616645009433e-07,7.93848081802098e-07,6.416754359704793e-07,2.757894791325341e-05
2.786658343776062e-07,7.895926847183116e-07,6.456249311217235e-07,2.7765256191857343e-05
2.75759782853007e-07,7.847805893696313e-07,6.495384458713243e-07,2.7931965570827386e-05
2.7291628668956604e-07,7.794187722061425e-07,6.534005183277368e-07,2.807847347918682e-05
2.7014191747064944e-07,7.735218718794574e-07,6.571996958207937e-07,2.820426934910763e-05
2.6744109214808546e-07,7.671161618939891e-07,6.609273771171278e-07,2.83090249281418e-05
2.6481755136566896e-07,7.602393490564859e-07,6.645766352906228e-07,2.8392745096725226e-05
2.62278123386443e-07,7.529346619022784e-07,6.681421718847184e-07,2.8455852077723786e-05
2.5983571381149085e-07,7.452440287139746e-07,6.716207039898508e-07,2.8499153863745972e-05
2.575086972434409e-07,7.372055210396514e-07,6.750096826667296e-07,2.8523749946092248e-05
2.5531840484921217e-07,7.288533859490716e-07,6.783053708411484e-07,2.853092416833352e-05
2.532886078425146e-07,7.202175969446555e-07,6.81503483568319e-07,2.8522049454130128e-05
2.5144606897010214e-07,7.113237342547464e-07,6.846018932590775e-07,2.8498505701460203e-05
2.498182568715748e-07,7.021948756754408e-07,6.876007540089199e-07,2.846157291130766e-05
2.4842929775524893e-07,6.928553115093645e-07,6.904987306429027e-07,2.841230290451031e-05
2.4729730933896033e-07,6.833327861175988e-07,6.932903405460224e-07,2.8351450251041468e-05
2.464335230209468e-07,6.736568973708768e-07,6.959675855428053e-07,2.8279488780033827e-05
2.4584301568375624e-07,6.638576383754278e-07,6.985223470911553e-07,2.8196656454220893e-05
2.4552647752059284e-07,6.5396717453955e-07,7.009463570653047e-07,2.810305398272196e-05
2.4548133878453656e-07,6.440212252721715e-07,7.032300012812495e-07,2.7998895911748115e-05
2.4570149647795365e-07,6.340582655748742e-07,7.053614763073569e-07,2.7884768581695208e-05
2.4617741030867736e-07,6.241187600136432e-07,7.073267881153807e-07,2.776159099486415e-05
2.4689895672197535e-07,6.142435345015245e-07,7.091107000657521e-07,2.7630389003264715e-05
2.47860090436924e-07,6.044701207885649e-07,7.106977142158475e-07,2.749221962367206e-05
2.4906147836426355e-07,5.948301398891353e-07,7.120720548893266e-07,2.734820990903255e-05
2.505085707533936e-07,5.853503180192528e-07,7.132167059068498e-07,2.7199542965180648e-05
2.5220691881590533e-07,5.760554076456335e-07,7.141130548474056e-07,2.704741167904937e-05
2.541597947078238e-07,5.669692681586743e-07,7.147420820614819e-07,2.689299495958901e-05
2.5636914293270003e-07,5.581141461929439e-07,7.150852639223908e-07,2.6737473282611403e-05
2.588358797783953e-07,5.495104051455505e-07,7.151242360526591e-07,2.658206245651573e-05
2.6155904604608717e-07,5.411757576823714e-07,7.148412357879345e-07,2.642801244197481e-05
2.6453566723324213e-07,5.33124336889595e-07,7.142203094206367e-07,2.627655783762952e-05
2.677603776676293e-07,5.253675061413376e-07,7.132470441273029e-07,2.6128843022879784e-05
2.7122491967707337e-07,5.179145129922638e-07,7.119075715376126e-07,2.59858376954388e-05
2.749185692072353e-07,5.107716804196433e-07,7.101888730737805e-07,2.584826663131909e-05
2.788284027753916e-07,5.039416956604799e-07,7.080801576033169e-07,2.5716593927214385e-05
2.8293924936361536e-07,4.974236693390747e-07,7.055737244175965e-07,2.559106579626882e-05
2.872339936736977e-07,4.912142424301041e-07,7.026639019654761e-07,2.547174426618849e-05
2.9169327853767763e-07,4.853092571242175e-07,6.993448563260061e-07,2.5358483746476216e-05
2.9629502512830736e-07,4.797046516742078e-07,6.956097002595875e-07,2.525090680967339e-05
3.0101588172932593e-07,4.7439633714276276e-07,6.914518861975082e-07,2.5148431995434505e-05
3.058333321765824e-07,4.693796288502615e-07,6.868677662147591e-07,2.5050318371669267e-05
3.1072524025461913e-07,4.6464967294788953e-07,6.818579986973581e-07,2.4955692503794408e-05
3.156678712927381e-07,4.602030718535797e-07,6.764265992038778e-07,2.486356921661416e-05
3.206354041283342e-07,4.5603851825781536e-07,6.70579461564671e-07,2.477287930936577e-05
3.256005714859945e-07,4.521565657450224e-07,6.643245334711715e-07,2.468250082591507e-05
3.305352180889096e-07,4.485616322956875e-07,6.576726796192755e-07,2.459129115639979e-05
3.354116873883088e-07,4.4526686620095865e-07,6.506373050757254e-07,2.4498130717089264e-05
3.402057330890857e-07,4.422979152324499e-07,6.43234366857474e-07,2.4401975650237245e-05
3.4489939920757444e-07,4.3969044362066176e-07,6.354852022195362e-07,2.430188830120071e-05
3.4948143274275963e-07,4.374811093623245e-07,6.274197157391372e-07,2.4197021749175505e-05
3.539451510295437e-07,4.356984468958455e-07,6.190766409243877e-07,2.408658081920825e-05
3.582853515849332e-07,4.343593262469864e-07,6.105017874295456e-07,2.3969821992961694e-05
3.624951464808369e-07,4.3347030359073027e-07,6.017449357069425e-07,2.3846104330477344e-05
3.665641186158723e-07,4.330310708175873e-07,5.928554587541715e-07,2.371492389814213e-05
3.704787355418969e-07,4.3303841478002987e-07,5.838791263521985e-07,2.357593255428368e-05
3.742239191111285e-07,4.334883541950985e-07,5.748567717168946e-07,2.3428993141045097e-05
3.777842348367607e-07,4.3437425110975075e-07,5.65823437373556e-07,2.327419795315701e-05
3.8114412136265716e-07,4.356840726744357e-07,5.568082131295849e-07,2.3111778762768986e-05
3.842879677161085e-07,4.374031570014421e-07,5.478351754979667e-07,2.2942018578891062e-05
3.87201079750781e-07,4.3952098561253604e-07,5.38924836173072e-07,2.276526328672185e-05
3.8987094398924154e-07,4.4203494000722283e-07,5.300960063254428e-07,2.25819380960883e-05
3.9228755338224076e-07,4.449516507396431e-07,5.213685214500235e-07,2.239247917402421e-05
3.9444360225992743e-07,4.482892856302717e-07,5.127658713211164e-07,2.2197264566628595e-05
3.9633587569998187e-07,4.5207609901556856e-07,5.043156563579186e-07,2.1996645541675752e-05
3.979667533644519e-07,4.563420848313649e-07,4.960484836697217e-07,2.1791064142994185e-05
3.9934378657114097e-07,4.611110224940031e-07,4.879982450827804e-07,2.1581172941562752e-05
4.004772397543988e-07,4.663995269854844e-07,4.802035553604296e-07,2.1367857150767506e-05
4.013778645598835e-07,4.722197034933043e-07,4.727085694904228e-07,2.1152119175351587e-05
4.0205606107545644e-07,4.785797998469811e-07,4.6556251982379817e-07,2.093490672113637e-05
4.025210223179275e-07,4.854835059450352e-07,4.588156608032565e-07,2.071700476678703e-05
4.027799337816564e-07,4.929305320677775e-07,4.525122321714275e-07,2.0499013950305332e-05
4.0283872333847606e-07,5.00916695601551e-07,4.466863061135211e-07,2.028135215694006e-05
4.027030681839731e-07,5.09430980615931e-07,4.4136426070324786e-07,2.0064260263314802e-05
4.0237766595748883e-07,5.184523790907307e-07,4.365715410703339e-07,1.9847880647088068e-05
4.0186490023520936e-07,5.2795005742189e-07,4.3233754377363775e-07,1.963248472554122e-05
4.0116457853856203e-07,5.378852075138643e-07,4.286948974896172e-07,1.9418771887241396e-05
4.00274879100529e-07,5.482122328377772e-07,4.2567449583892104e-07,1.9208009398502646e-05
3.9919383262010006e-07,5.588796164325982e-07,4.23299825654056e-07,1.9001916733071907e-05
3.979202785937036e-07,5.698317735386614e-07,4.2158370028058403e-07,1.880242562855116e-05
3.964540215251788e-07,5.810116873174805e-07,4.205277599144004e-07,1.861144403121094e-05
3.9479528324959457e-07,5.923619024100642e-07,4.201235966448872e-07,1.843069705692358e-05
3.929439888677978e-07,6.038242171933441e-07,4.2035648735842157e-07,1.8261783485294366e-05
3.90900343683889e-07,6.153404939117156e-07,4.212129093652869e-07,1.8106441238951168e-05
3.8866608611860583e-07,6.268529395975686e-07,4.2268841260444493e-07,1.7966731048741772e-05
3.8624483454026314e-07,6.383023693634759e-07,4.2478977351782243e-07,1.7844984935130546e-05
3.8364257598521e-07,6.49627141912129e-07,4.275289517677301e-07,1.7743674339509877e-05
3.808686416662229e-07,6.607640751290406e-07,4.309130933568072e-07,1.7665334478664168e-05
3.779351036861848e-07,6.716498117020006e-07,4.349386666481772e-07,1.761253594880956e-05
3.748549617527039e-07,6.822217450873099e-07,4.395941050357078e-07,1.7587851108146027e-05
3.716415284922777e-07,6.924185980597986e-07,4.44868478516887e-07,1.7593786798383646e-05
3.683087574516633e-07,7.021820525102174e-07,4.507600856406492e-07,1.7632679065914485e-05
3.648713471017164e-07,7.114607074283919e-07,4.572793558446516e-07,1.7706560499674742e-05
3.6134477744881173e-07,7.202129963888415e-07,4.6444420402937e-07,1.7817017089779613e-05
3.5774508258298026e-07,7.28405020472857e-07,4.7227037447859533e-07,1.796504349145842e-05
3.540882569986206e-07,7.360058467503373e-07,4.807622179009869e-07,1.8150931552872127e-05
3.503898187871604e-07,7.429848910773151e-07,4.899086386658976e-07,1.8374233788447478e-05
3.466646244457028e-07,7.493119292191234e-07,4.996838812655037e-07,1.86337975658043e-05
3.429267316131773e-07,7.54958890712976e-07,5.100504867873983e-07,1.8927870620561728e-05
3.3918972516527536e-07,7.599037719879439e-07,5.209646058401504e-07,1.9254286655787922e-05
3.3546759316210324e-07,7.641353467596338e-07,5.323827483640077e-07,1.9610678042793407e-05
3.317749660101747e-07,7.676545121123131e-07,5.442648675045305e-07,1.9994648661313047e-05
3.281265979769781e-07,7.704710792870416e-07,5.565712105078735e-07,2.0403904317069932e-05
3.245371635739594e-07,7.725999408229386e-07,5.692570386889317e-07,2.0836342290092678e-05
3.210222577622652e-07,7.740586162159915e-07,5.822708058612423e-07,2.129004544780288e-05
3.1760077293725337e-07,7.748648759781101e-07,5.955562504644306e-07,2.1763163645712946e-05
3.1429604810598623e-07,7.750349293367781e-07,6.090545585068659e-07,2.2253764500723644e-05
3.1113433007100205e-07,7.745836517987074e-07,6.227056686859487e-07,2.2759723534413864e-05
3.081435777301397e-07,7.735259255224906e-07,6.364521295547625e-07,2.327865875916608e-05
3.053533996646386e-07,7.718773432653798e-07,6.502458503628157e-07,2.3807934230228226e-05
3.027933557310639e-07,7.696543029446404e-07,6.640528399628729e-07,2.434473642806969e-05
3.004899302604004e-07,7.668738119146347e-07,6.778525436445689e-07,2.488613901209754e-05
2.98464751850628e-07,7.635528572765348e-07,6.916322788384413e-07,2.542910646952277e-05
2.967340683098005e-07,7.597078071871969e-07,7.053786071100104e-07,2.5970490896964138e-05
2.9530895825729943e-07,7.553543780778994e-07,7.190705344433416e-07,2.650707734293437e-05
2.94197449861388e-07,7.505097387909702e-07,7.326802420570856e-07,2.703566570643212e-05
2.93407734483487e-07,7.451981517043694e-07,7.461783906662533e-07,2.755318046678857e-05
2.92949111630988e-07,7.394555866928567e-07,7.595353847210886e-07,2.805683996294484e-05
2.928296459997456e-07,7.333267023194734e-07,7.727188113545145e-07,2.8544325773353626e-05
2.9305381359045053e-07,7.268563220530039e-07,7.856944802297866e-07,2.9013825879770342e-05
2.9362361888550937e-07,7.200831828680765e-07,7.984318977951463e-07,2.9463957515072333e-05
2.945416649639411e-07,7.130387436118228e-07,8.109085409151791e-07,2.9893659718372084e-05
2.95811843596999e-07,7.057482841657236e-07,8.231089479755385e-07,3.030208120042741e-05
2.974371371623529e-07,6.982322103928943e-07,8.350193335749144e-07,3.068845289054802e-05
2.9941749613544844e-07,6.905079171883895e-07,8.466217820001849e-07,3.1051966337555776e-05
3.01749608742628e-07,6.825915673301969e-07,8.578912290314337e-07,3.139172496301611e-05
3.044279928852157e-07,6.744986067169461e-07,8.687963603770624e-07,3.170681110522633e-05
3.074457455718789e-07,6.662438744714719e-07,8.793037554519777e-07,3.1996415491795114e-05
3.107939179075213e-07,6.57842424515133e-07,8.893831993374226e-07,3.225994599315783e-05
3.144598755717569e-07,6.493110917650563e-07,8.990121944722408e-07,3.249707239434768e-05
3.1842646810133386e-07,6.406693200649468e-07,9.081778879276476e-07,3.2707688826006926e-05
3.226744299012177e-07,6.3193760313915e-07,9.168762139765026e-07,3.289183879389277e-05
3.271869282810232e-07,6.231353828663881e-07,9.251093377537878e-07,3.3049687520589784e-05
3.31951319817425e-07,6.142811821683603e-07,9.328817856292242e-07,3.318154499132972e-05
3.3695673809814803e-07,6.053941858428654e-07,9.401959518393215e-07,3.328793937483669e-05
3.4219154409458326e-07,5.964946422008914e-07,9.470487067438644e-07,3.3369724336408695e-05
3.4764308279086425e-07,5.876025898126471e-07,9.534312284317516e-07,3.3428070142284e-05
3.532975898760441e-07,5.787373160587068e-07,9.593321560197694e-07,3.3464295655298844e-05
3.591380926545674e-07,5.699183738029922e-07,9.647414120212122e-07,3.3479671460792033e-05
3.651419210381121e-07,5.61165850946392e-07,9.69652811184819e-07,3.347526962727954e-05
3.7128027652849993e-07,5.524991454428644e-07,9.740648285276941e-07,3.3451888253168544e-05
3.775195395164228e-07,5.439358826319231e-07,9.779788532717138e-07,3.341006174980397e-05
3.8382298606113046e-07,5.354921704411295e-07,9.813953593401191e-07,3.335010833431385e-05
3.901524629219629e-07,5.271833567159296e-07,9.843103262337644e-07,3.327216547656177e-05
3.964696699868961e-07,5.190234252956097e-07,9.867154931540888e-07,3.317622219070248e-05
4.027371063626218e-07,5.110241706076521e-07,9.886036335416876e-07,3.306218631024686e-05
4.089193346338272e-07,5.031971931690202e-07,9.899750365070808e-07,3.2929982515712265e-05
4.1498416840913857e-07,4.955577806010461e-07,9.908398574844215e-07,3.277962399865275e-05
4.209025754434997e-07,4.88126898985616e-07,9.91214206879782e-07,3.261121565228357e-05
4.266475583069192e-07,4.809307249323982e-07,9.911130070697201e-07,3.2424913543988835e-05
4.3219342159527176e-07,4.739999921060914e-07,9.905451428597011e-07,3.222091390879883e-05
4.3751624409420187e-07,4.673689417488038e-07,9.895128887590584e-07,3.199950251989653e-05
4.4259559103419636e-07,4.610724797208191e-07,9.88013086725789e-07,3.176109970617051e-05
4.4741573327493927e-07,4.5514328754663536e-07,9.860386234700476e-07,3.1506231593179434e-05
4.5196441020694655e-07,4.496102078022665e-07,9.835813876904065e-07,3.123544673745351e-05
4.562307961876192e-07,4.444977918704741e-07,9.806357057285714e-07,3.0949242907550294e-05
4.602049422100949e-07,4.398287973508198e-07,9.77199682296528e-07,3.064803610671141e-05
4.6387850470840904e-07,4.3562742633874724e-07,9.732751770492977e-07,3.0332169809474164e-05
4.6724626936959316e-07,4.3191730003427526e-07,9.68867997011e-07,3.0001959374301006e-05
4.703069455781139e-07,4.2871582419557094e-07,9.639873414764253e-07,2.9657756841442214e-05
4.7306141572843656e-07,4.2603104245169846e-07,9.586449083780089e-07,2.9299994694630406e-05
4.755099733400672e-07,4.2386156758127345e-07,9.528561875199545e-07,2.8929171044835705e-05
4.776516061334169e-07,4.221985465298844e-07,9.466422420154564e-07,2.8545790497966248e-05
4.794856474512628e-07,4.210308184948581e-07,9.400274394692009e-07,2.815032871459723e-05
4.810134527243083e-07,4.2035147052391657e-07,9.330345565094273e-07,2.774329975584415e-05
4.822383713613776e-07,4.201612228169057e-07,9.256833298517056e-07,2.7325422734144558e-05
4.83165368721782e-07,4.2046872913782883e-07,9.179933041571778e-07,2.689773868946933e-05
4.838022000197999e-07,4.2129011939731864e-07,9.099855512588536e-07,2.6461549874457385e-05
4.841603428470457e-07,4.226452784828947e-07,9.016806614574057e-07,2.601827825242916e-05
4.842534064014389e-07,4.2455053714855477e-07,8.930960381821016e-07,2.556940726873487e-05
4.840953754124914e-07,4.2701411005709975e-07,8.84245760248999e-07,2.511651125837894e-05
4.837009206624565e-07,4.3003781795648927e-07,8.75144143681164e-07,2.466131480405475e-05
4.830853338353132e-07,4.3362334014503833e-07,8.658107795303655e-07,2.4205745999137727e-05
4.822636403533428e-07,4.377787513841828e-07,8.562715272669596e-07,2.375191357466272e-05
4.812517347965294e-07,4.425199608860249e-07,8.465537945864181e-07,2.330197436449841e-05
4.800686450863829e-07,4.478674810745613e-07,8.366813032969508e-07,2.285795117348793e-05
4.787366799745071e-07,4.538436224428989e-07,8.266726669000331e-07,2.242161420586836e-05
4.772787414165725e-07,4.604698670653509e-07,8.165446511762244e-07,2.19945328168939e-05
4.757149505047847e-07,4.677612500029176e-07,8.063196614826327e-07,2.1578261416808365e-05
4.740611051383325e-07,4.7572031761121645e-07,7.960321113044749e-07,2.117446995252672e-05
4.723288657166919e-07,4.843352266212522e-07,7.857283633279353e-07,2.078490821615572e-05
4.7052631520699187e-07,4.935813913382751e-07,7.754637847108455e-07,2.0411271897289732e-05
4.686585090277448e-07,5.034244732690411e-07,7.653017386382715e-07,2.0055071379341213e-05
4.66728294842571e-07,5.138238223416054e-07,7.553130052095061e-07,1.971756178946796e-05
4.647382440314985e-07,5.247339801445908e-07,7.455726020565951e-07,1.939975086345973e-05
4.626928800501231e-07,5.361032407268228e-07,7.361536310993314e-07,1.9102425937319548e-05
4.6059869570221997e-07,5.478723668782761e-07,7.271206790454566e-07,1.882614769297398e-05
4.584621446565045e-07,5.599753839981654e-07,7.185271602174031e-07,1.857129457637501e-05
4.562881164806573e-07,5.723408940498622e-07,7.104184006396605e-07,1.833824344434145e-05
4.540800884764882e-07,5.848933393826597e-07,7.028352442199725e-07,1.8127540693449152e-05
4.518408143295576e-07,5.975550200879436e-07,6.958128680548371e-07,1.793986866889169e-05
4.495719455289525e-07,6.10249093188618e-07,6.893790802791642e-07,1.7775859967058036e-05
4.4727305731749784e-07,6.229047672636569e-07,6.835582885043018e-07,1.7635914979335004e-05
4.449415092404852e-07,6.354627947275173e-07,6.783792974765675e-07,1.7520125137658233e-05
4.425731227460302e-07,6.47874907238668e-07,6.738826690348207e-07,1.7428430584844282e-05
4.4016299529380513e-07,6.60097664724978e-07,6.701250241487486e-07,1.7360999524231587e-05
4.377068104763254e-07,6.720889593164412e-07,6.67177578693567e-07,1.731853659881912e-05
4.3520279584324036e-07,6.838095841158454e-07,6.651194638075856e-07,1.7302310905159715e-05
4.3265279675611294e-07,6.952247619336357e-07,6.640282461310955e-07,1.7314001968553796e-05
4.30061715330204e-07,7.063040266578551e-07,6.639688301541051e-07,1.7355495446813345e-05
4.274368634678547e-07,7.170219055752793e-07,6.649849763283196e-07,1.7428639686186606e-05
4.2478789705649813e-07,7.273582615601508e-07,6.670972589083218e-07,1.7534976408927624e-05
4.2212602214188856e-07,7.372963573746324e-07,6.703053642568778e-07,1.767550709901344e-05
4.194624696139531e-07,7.468206898513916e-07,6.7459114600218e-07,1.7850551727112507e-05
4.168075972708886e-07,7.559156890298975e-07,6.799200849831131e-07,1.805971478941305e-05
4.1417058167281754e-07,7.645645674113956e-07,6.862413857935956e-07,1.830193536101457e-05
4.1155873008026687e-07,7.727490536238251e-07,6.934895142261514e-07,1.8575599528907748e-05
4.089766081549942e-07,7.804496992201933e-07,7.015881912931703e-07,1.8878692798919322e-05
4.064260638759119e-07,7.876458831036118e-07,7.104569916832464e-07,1.92089449137038e-05
4.0390678344747173e-07,7.943164416865935e-07,7.200209607681841e-07,1.9563940217073206e-05
4.014165210240305e-07,8.004418550969609e-07,7.302198820036588e-07,1.9941214470719536e-05
3.989516953594543e-07,8.06007628629248e-07,7.410107749105469e-07,2.0338365339472027e-05
3.9650800503282317e-07,8.110073215172773e-07,7.523608926354309e-07,2.075317500929132e-05
3.9408051019037435e-07,8.154429517414072e-07,7.642364619518608e-07,2.1183705126885534e-05
3.9166529386856853e-07,8.193217314804976e-07,7.765955847052487e-07,2.162832361225519e-05
3.8926289967255725e-07,8.226512789853027e-07,7.893886784917219e-07,2.208566367516353e-05
3.8688060636340377e-07,8.254362523957854e-07,8.025628979613093e-07,2.2554521039114968e-05
3.845321742955448e-07,8.276770434347444e-07,8.160645168963644e-07,2.3033692313377038e-05
3.8223533531532213e-07,8.293701504912726e-07,8.298379483437434e-07,2.35218085722845e-05
3.800085217297954e-07,8.305102965405646e-07,8.438252587881868e-07,2.401722941269164e-05
3.7786892213633105e-07,8.310931345092408e-07,8.579680993860866e-07,2.451801499098863e-05
3.758316139443177e-07,8.31116213887976e-07,8.722102996521951e-07,2.502199437394782e-05
3.7390868867095703e-07,8.30579598084946e-07,8.864984180891926e-07,2.552691460856213e-05
3.7210849710000025e-07,8.294885477233925e-07,9.007785554797882e-07,2.6030569432246235e-05
3.7043598757964934e-07,8.278541467627216e-07,9.149915679386236e-07,2.653085123481097e-05
3.688954272737882e-07,8.256890894983107e-07,9.290708436290102e-07,2.702577103135709e-05
3.674940339764022e-07,8.23004756711661e-07,9.429431558686481e-07,2.7513495300428363e-05
3.662424976815801e-07,8.198145142524079e-07,9.565307759614438e-07,2.799238195819548e-05
3.6515138081275616e-07,8.161400136373001e-07,9.697553919395464e-07,2.8460941713217567e-05
3.642273176174512e-07,8.12014391873506e-07,9.825441985280085e-07,2.8917714020476003e-05
3.6347369017128076e-07,8.074800829622181e-07,9.948361752678386e-07,2.936114461932268e-05
3.628948514906283e-07,8.02584707362887e-07,1.006585959471912e-06,2.9789526307607453e-05
3.6249758493165704e-07,7.97378635083401e-07,1.0177626131200134e-06,3.0201014087300697e-05
3.622877967040991e-07,7.919128951709353e-07,1.0283447136184842e-06,3.0593715745259925e-05
3.6226791055757756e-07,7.862355825858477e-07,1.0383159070731871e-06,3.096581638460675e-05
3.62438100589116e-07,7.803881563553064e-07,1.0476602774033441e-06,3.131565562392793e-05
3.6279766404884356e-07,7.744038282518799e-07,1.0563572741720137e-06,3.164170810339829e-05
3.633439241394511e-07,7.683090561089245e-07,1.0643800120631072e-06,3.194250134808205e-05
3.640712160759411e-07,7.621262143411938e-07,1.0716973815404222e-06,3.221654874292913e-05
3.649717140353372e-07,7.558749677851009e-07,1.0782768070367328e-06,3.2462335534857794e-05
3.6603616175449646e-07,7.495733399579361e-07,1.084085429247223e-06,3.2678343515122944e-05
3.6725350474351246e-07,7.432387832612072e-07,1.0890899157121972e-06,3.2863091631369776e-05
3.686111058095817e-07,7.368875137385742e-07,1.09325752210452e-06,3.30151861980156e-05
3.700956260474304e-07,7.305327890051073e-07,1.0965594878300105e-06,3.313342261547218e-05
3.716927342192883e-07,7.241842503995442e-07,1.09897420967543e-06,3.321700725905628e-05
3.733861874365374e-07,7.178488507106935e-07,1.1004874199009566e-06,3.326580728330024e-05
3.7515801072143026e-07,7.115320211054595e-07,1.101089550682901e-06,3.328039871673402e-05
3.769898200895967e-07,7.052378775274745e-07,1.100773266806977e-06,3.3261895064943866e-05
3.7886469499211436e-07,6.989690808500991e-07,1.0995331027113305e-06,3.321173677000945e-05
3.807683419315871e-07,6.927269649177864e-07,1.0973662733444625e-06,3.313152883508792e-05
3.8268800083531704e-07,6.86512149295981e-07,1.0942727816061898e-06,3.302298663599093e-05
3.8461000700193327e-07,6.803257684631167e-07,1.0902541586032885e-06,3.2888064184816995e-05
3.8651867150964886e-07,6.741696834133461e-07,1.085312111366484e-06,3.272911981443638e-05
3.8839696394003775e-07,6.680455714438717e-07,1.0794481183732314e-06,3.254889360197577e-05
3.9022783395816314e-07,6.619547187967409e-07,1.0726639802796095e-06,3.2350326993916563e-05
3.919956617917435e-07,6.558978818497269e-07,1.0649631881891302e-06,3.213637840451214e-05
3.9368675703881895e-07,6.498753713657086e-07,1.056353373319295e-06,3.190989209780677e-05
3.9528850135820007e-07,6.438884947031161e-07,1.0468501653540086e-06,3.167351531741937e-05
3.9678857385355024e-07,6.379400182665481e-07,1.036480307293702e-06,3.142963496661042e-05
3.9817458922342897e-07,6.320324040336733e-07,1.0252808322267167e-06,3.1180313257533916e-05
3.994340859011241e-07,6.261664932886022e-07,1.0132948061899195e-06,3.0927249727571925e-05
4.0055563119154206e-07,6.203413783428961e-07,1.000567140684033e-06,3.067180474356849e-05
4.0153036127054895e-07,6.145541251440236e-07,9.871428870954092e-07,3.041506209428832e-05
4.023527531687751e-07,6.087999459044436e-07,9.73067841791697e-07,3.0157874415615425e-05
4.030207586992719e-07,6.030729107197852e-07,9.583896909719685e-07,2.990086951351939e-05
4.035362977995122e-07,5.973658267778969e-07,9.431578409233786e-07,2.96444316637527e-05
4.039064597993671e-07,5.916698800241274e-07,9.274218092824724e-07,2.9388698205505365e-05
4.041428849543907e-07,5.859761142037478e-07,9.1122977722633e-07,2.9133624581551765e-05
4.04257684453537e-07,5.802791298564849e-07,8.946277911492548e-07,2.88791000982508e-05
4.042595506528276e-07,5.745799526158555e-07,8.776593870493871e-07,2.8625020146019873e-05
4.041530168850472e-07,5.688846044703079e-07,8.60366876931092e-07,2.8371288703244647e-05
4.039392449507464e-07,5.63200125510209e-07,8.42794726648634e-07,2.8117824924489705e-05
4.03617250851908e-07,5.575324854454351e-07,8.249934978372552e-07,2.786459793346593e-05
4.0318605342168506e-07,5.51886788326741e-07,8.070231992329882e-07,2.7611624231991002e-05
4.026466068212607e-07,5.462671212935003e-07,7.889551878299349e-07,2.7358904416178157e-05
4.020022118141993e-07,5.406752281010146e-07,7.708701444868467e-07,2.710635464254505e-05
4.012577931421677e-07,5.351097661846363e-07,7.528509850473052e-07,2.6853778128296344e-05
4.004188622505861e-07,5.29567060317081e-07,7.349754825207898e-07,2.6600902991732426e-05
3.9949075340704477e-07,5.240422610707046e-07,7.173140874701404e-07,2.634748755477448e-05
3.984783073028979e-07,5.185310146582482e-07,6.999322480940339e-07,2.609341260692376e-05
3.9738597120885184e-07,5.130326881736163e-07,6.82892637112351e-07,2.5838693701544564e-05
3.9621848247591646e-07,5.075537564270794e-07,6.662537825153711e-07,2.5583463074415922e-05
3.9498142586939323e-07,5.021085730205917e-07,6.50066871268344e-07,2.53279838798554e-05
3.9368023863310025e-07,4.967165532485497e-07,6.343758739092532e-07,2.507267152428605e-05
3.923184051247502e-07,4.913994184219379e-07,6.192214319535e-07,2.4818051703028847e-05
3.9089717621604815e-07,4.86183607565093e-07,6.046440748379935e-07,2.4564667309951397e-05
3.894167968941772e-07,4.811048031605843e-07,5.906839691378329e-07,2.4313073658987824e-05
3.878772781463701e-07,4.7620782216180017e-07,5.77377689204821e-07,2.406397814965135e-05
3.862778848823754e-07,4.7154236887248095e-07,5.64754573615257e-07,2.3818359690144712e-05
3.846167075456437e-07,4.671577058592435e-07,5.528347839590023e-07,2.3577434670364607e-05
3.828924018697239e-07,4.630980290412693e-07,5.416288830144728e-07,2.334254583733245e-05
3.8110793688674157e-07,4.594002045481964e-07,5.311388446529965e-07,2.311506081789667e-05
3.7927434090593154e-07,4.5609268406017475e-07,5.213597627886004e-07,2.2896256598528093e-05
3.774124054951282e-07,4.5319480497859353e-07,5.122807289948044e-07,2.2687188653985976e-05
3.7555011098059175e-07,4.5071769005353755e-07,5.038859923938268e-07,2.248862517502829e-05
3.7371632635270145e-07,4.4866550595979654e-07,4.96158019176295e-07,2.2301073395189674e-05
3.719355878795832e-07,4.4703585933211963e-07,4.890819483601036e-07,2.2124799791522243e-05
3.7022704411436673e-07,4.4582131130959456e-07,4.826482212317403e-07,2.1959796434653027e-05
3.686059040344071e-07,4.4501278055681353e-07,4.768504335917928e-07,2.1805795202423246e-05
3.6708525913330027e-07,4.446024659281024e-07,4.7168309710566996e-07,2.1662443871050667e-05
3.656770487659378e-07,4.4458474510090543e-07,4.671444474001007e-07,2.1529650260393325e-05
3.643909104883285e-07,4.4495532556058103e-07,4.6323971917802975e-07,2.1407879696021963e-05
3.632321741194057e-07,4.4570888928535177e-07,4.5998064357281754e-07,2.1298095300585133e-05
3.622018097072852e-07,4.4683668091952713e-07,4.57382267620474e-07,2.1201419261708226e-05
3.612983917686127e-07,4.483266809823458e-07,4.5545691731071177e-07,2.1118906511716322e-05
3.6051962022615817e-07,4.50165739974189e-07,4.542076879816863e-07,2.1051508337345537e-05
3.5986217473742243e-07,4.523400483577469e-07,4.53627435855324e-07,2.100002533273033e-05
3.593209709787446e-07,4.5483304009492377e-07,4.5370272272563504e-07,2.096500232163184e-05
3.5889019175194245e-07,4.5762364850057317e-07,4.544160150469473e-07,2.094663719342681e-05
3.585682059231477e-07,4.6068726721394603e-07,4.557445814968669e-07,2.094473439327114e-05
3.583621832231653e-07,4.639974511617298e-07,4.576605107761586e-07,2.0958705745319456e-05
3.5828570635704387e-07,4.675259461925032e-07,4.601328909998861e-07,2.0987603959961925e-05
3.5835247360961094e-07,4.7124322838943604e-07,4.6312853629364327e-07,2.1030169249210723e-05
3.5857246217570047e-07,4.7512015364258424e-07,4.6661026120383436e-07,2.108489328559041e-05
3.589505390295628e-07,4.791278075403175e-07,4.7053561393536615e-07,2.115010333764295e-05
3.594864409185159e-07,4.832363851301636e-07,4.748571123195608e-07,2.1224046049733537e-05
3.601763415556801e-07,4.87414757729982e-07,4.795226662711673e-07,2.130495986122793e-05
3.610151870807322e-07,4.916299539544725e-07,4.844763622438975e-07,2.1391143866435948e-05
3.61997830316198e-07,4.95847224127509e-07,4.896599491596055e-07,2.148099826429335e-05
3.631186727216281e-07,5.000309876203339e-07,4.950139133751996e-07,2.157298706579023e-05
3.643720384173521e-07,5.041458788201101e-07,5.004778278073815e-07,2.166554894150451e-05
3.6575282078469547e-07,5.081591142868636e-07,5.059907977684625e-07,2.175704351848416e-05
3.6725514819242756e-07,5.120446876011569e-07,5.114924016007642e-07,2.184576594761292e-05
3.6887030924491894e-07,5.157868731737359e-07,5.169238831664843e-07,2.1929993442554555e-05
3.705863358979064e-07,5.193813033334713e-07,5.22228962872526e-07,2.2008021203633186e-05
3.7238883350670365e-07,5.228343031557503e-07,5.273546647798909e-07,2.207818645768826e-05
3.7426161161498217e-07,5.261604452024554e-07,5.322542613398604e-07,2.213891134340247e-05
3.761869698373721e-07,5.293777790827322e-07,5.368914592898351e-07,2.2188760307423548e-05
3.7814596069119116e-07,5.325042049989429e-07,5.412406638456806e-07,2.22264755628552e-05
3.8011879465754687e-07,5.355591897963546e-07,5.452820474707384e-07,2.2251003943294805e-05
3.8208509523422134e-07,5.385690818341929e-07,5.48996383971523e-07,2.226154521198588e-05
3.840241588553282e-07,5.41572170024967e-07,5.523632296908043e-07,2.225759314382952e-05
3.859160805494167e-07,5.446195250123724e-07,5.553617102725941e-07,2.223896123945625e-05
3.8774333581237705e-07,5.47767605670793e-07,5.579723098053797e-07,2.2205853317468703e-05
3.8949184617481177e-07,5.510674213194135e-07,5.601795085709431e-07,2.215896484796895e-05
3.9115132747888887e-07,5.545604161775486e-07,5.619744897154045e-07,2.2099470133732894e-05
3.9271522233211105e-07,5.582814235519645e-07,5.633551283701612e-07,2.2028815930145534e-05
3.941797637424667e-07,5.622608504392799e-07,5.64323404626174e-07,2.1948439520830342e-05
3.9554142077305867e-07,5.665226598135778e-07,5.648839208970251e-07,2.1859588296272227e-05
3.967945555188883e-07,5.710817258480786e-07,5.650444563072557e-07,2.1763309303438244e-05
3.9793152066733716e-07,5.759436093051999e-07,5.648167874591127e-07,2.166054842352144e-05
3.9894428277459397e-07,5.811053989215251e-07,5.642173344465113e-07,2.155222954824281e-05
3.998261056568445e-07,5.865559261557306e-07,5.632686017397196e-07,2.143922666990327e-05
4.005742951716489e-07,5.922754849125259e-07,5.620011358028349e-07,2.132228851064904e-05
4.011938712768375e-07,5.982358729505839e-07,5.604536513446141e-07,2.1202056980061526e-05
4.0169814029811026e-07,6.044013538232079e-07,5.586708167278635e-07,2.1079231074947587e-05
4.021045794670971e-07,6.107304085152993e-07,5.567008084063695e-07,2.095481034811115e-05
4.024299717989011e-07,6.171777741714525e-07,5.545927376946015e-07,2.0830302732207723e-05
4.026880298620095e-07,6.236963301487799e-07,5.52393298738865e-07,2.07077737637787e-05
4.0288915687232343e-07,6.302382781673882e-07,5.501454949394843e-07,2.058970086449122e-05
4.0304116637869184e-07,6.367553206995818e-07,5.478913877800185e-07,2.0478707399102287e-05
4.0314980604649617e-07,6.431984519934867e-07,5.456758329356015e-07,2.037728691978648e-05
4.0321846524975907e-07,6.495179103471976e-07,5.43548054281371e-07,2.028763462609112e-05
4.032483618677739e-07,6.556633560180871e-07,5.415604545997906e-07,2.0211632060882647e-05
4.03239772067338e-07,6.615847117296385e-07,5.397647097536413e-07,2.01509134452526e-05
4.031924661466048e-07,6.672340013110861e-07,5.382061199528633e-07,2.010695918814822e-05
4.031050008717045e-07,6.72567073558852e-07,5.369190017372778e-07,2.0081245685089162e-05
4.029750340640275e-07,6.775438755081778e-07,5.359260851889797e-07,2.007539656873041e-05
4.0280118787595383e-07,6.821283938341304e-07,5.352416017799382e-07,2.0091164809527768e-05
4.025846058811784e-07,6.86289548908426e-07,5.34874886167495e-07,2.0130225084015105e-05
4.0232971116269077e-07,6.90002266455958e-07,5.348337244094605e-07,2.01939429311154e-05
4.020444141842021e-07,6.932475974938033e-07,5.351277277032607e-07,2.0283225887049092e-05
4.017387180223246e-07,6.960110498955461e-07,5.357691373730156e-07,2.0398509048317174e-05
4.0142215874535797e-07,6.982803559756116e-07,5.36771163306609e-07,2.053996813823988e-05
4.011019978790314e-07,7.000448477242802e-07,5.381467554730768e-07,2.070786832014972e-05
4.0078292377512004e-07,7.012958109610543e-07,5.3990682505995e-07,2.0902755215495363e-05
4.004674834047006e-07,7.020264879111135e-07,5.420580382514396e-07,2.11253932397153e-05
4.001562297713275e-07,7.022316995251523e-07,5.446047694484036e-07,2.137661064876469e-05
3.9984788015151345e-07,7.019072061804465e-07,5.475545758457236e-07,2.1657172188747367e-05
3.9953974241397534e-07,7.01049217855822e-07,5.50919647275367e-07,2.1967683612843804e-05
3.9922787519475344e-07,6.996542550046866e-07,5.547111167818128e-07,2.2308507936039285e-05
3.9890733761764323e-07,6.977187983123196e-07,5.589314188630528e-07,2.267970123846538e-05
3.9857318027494176e-07,6.952388688822518e-07,5.63570326241835e-07,2.3080983960963847e-05
3.982213563818123e-07,6.922104193581748e-07,5.686064418287764e-07,2.35117444075352e-05
3.978488739234429e-07,6.88630410823921e-07,5.74013574907028e-07,2.3971039545386952e-05
3.9745393923396686e-07,6.844981620721647e-07,5.797669754979732e-07,2.445754755700461e-05
3.9703623054920224e-07,6.798174065286287e-07,5.858433337544056e-07,2.4969489453339608e-05
3.9659703467688153e-07,6.74597920093185e-07,5.922182072593472e-07,2.550458251907473e-05
3.9613899323459774e-07,6.688555425667906e-07,5.988687527272745e-07,2.6060051065618586e-05
3.956647513717068e-07,6.62612821672255e-07,6.057810965549059e-07,2.6632710374329603e-05
3.95175673507565e-07,6.559015812864839e-07,6.129565498830785e-07,2.721913644013032e-05
3.946721093996666e-07,6.487652293311929e-07,6.204106961155031e-07,2.7815847820707726e-05
3.9415373800066024e-07,6.412579279598757e-07,6.281640862547907e-07,2.841940795146261e-05
3.9361900711044505e-07,6.334397281094438e-07,6.362359491423186e-07,2.902647407583633e-05
3.9306509449714714e-07,6.253703484136422e-07,6.446510034161321e-07,2.9633858508868853e-05
3.924890443271461e-07,6.171051396108545e-07,6.534499017806461e-07,3.023858303613198e-05
3.918895803145125e-07,6.086943069551198e-07,6.626883609771019e-07,3.0837883068625144e-05
3.912692572255378e-07,6.001839741491196e-07,6.724250784459366e-07,3.1429177325384946e-05
3.906360771283558e-07,5.91616832155014e-07,6.827095831391728e-07,3.2010029052946e-05
3.9000328871528405e-07,5.83032089433506e-07,6.935768938862773e-07,3.257807519196623e-05
3.8938711053755217e-07,5.744667202798316e-07,7.050459630579075e-07,3.313090934358747e-05
3.8880310193834883e-07,5.659592360831112e-07,7.171176390154082e-07,3.366598482842972e-05
3.8826267292920776e-07,5.57554758333445e-07,7.297742547282523e-07,3.4180601919250216e-05
3.877716423447854e-07,5.493068748191097e-07,7.429833217757557e-07,3.4671953576607095e-05
3.873312470983792e-07,5.412720299466168e-07,7.567015169459349e-07,3.513719295099601e-05
3.8693977245761947e-07,5.3350143797301e-07,7.708748995668062e-07,3.557352333470851e-05
3.8659310910707653e-07,5.260412186382485e-07,7.854375700884793e-07,3.597827728600447e-05
3.8628503871260797e-07,5.189417570901887e-07,8.003125544703569e-07,3.634893698827299e-05
3.8600833723093464e-07,5.122654083456131e-07,8.154154806987295e-07,3.668312531628895e-05
3.85755396064816e-07,5.060840797547344e-07,8.306596040253505e-07,3.697863168005913e-05
3.85517668411025e-07,5.004711075413464e-07,8.459604014426623e-07,3.723347304007425e-05
3.8528569299821305e-07,4.954960993227424e-07,8.612379348980561e-07,3.744594878670584e-05
3.8504984447786067e-07,4.912220642839279e-07,8.764151152101906e-07,3.761467219432229e-05
3.8480007918099927e-07,4.877013272994874e-07,8.914129983923382e-07,3.7738568372283066e-05
3.8452517230564e-07,4.849733611579634e-07,9.061480043549807e-07,3.781682559766446e-05
3.8421325118451407e-07,4.830661029534167e-07,9.205334236740795e-07,3.784885411824433e-05
3.8385419589094023e-07,4.819975558882625e-07,9.344821896513862e-07,3.783432485478631e-05
3.834426717621298e-07,4.81776385511915e-07,9.479081973421784e-07,3.7773245185911686e-05
3.829790065506386e-07,4.824021072537364e-07,9.60727323352915e-07,3.766598260334254e-05
3.824668368083547e-07,4.838650900807065e-07,9.728585228743895e-07,3.751322240057512e-05
3.819100491334897e-07,4.861459920753764e-07,9.842236474621687e-07,3.731588554972629e-05
3.8131221601710923e-07,4.892148139586892e-07,9.947471892338505e-07,3.707505957523988e-05
3.806783054847213e-07,4.930313227724357e-07,1.004358085657677e-06,3.6792056738492346e-05
3.800151091901007e-07,4.975475209164353e-07,1.0129934701268628e-06,3.6468626551873356e-05
3.7932894514699027e-07,5.027115578694201e-07,1.0206021071280254e-06,3.610712831256429e-05
3.786230900310084e-07,5.084731538735631e-07,1.02714439233101e-06,3.5710491602203554e-05
3.778968618512079e-07,5.14789362341974e-07,1.0325885626003063e-06,3.528203966096137e-05
3.771459670582994e-07,5.216272282236778e-07,1.0369072355357418e-06,3.482531466379453e-05
3.763633704283485e-07,5.289605284739478e-07,1.0400782215491385e-06,3.4343940073341145e-05
3.755402072651928e-07,5.367619596576529e-07,1.0420878969331382e-06,3.384154995597156e-05
3.746661695986645e-07,5.44996913492722e-07,1.0429322010314366e-06,3.3321817249702063e-05
3.737296988796125e-07,5.536235619304193e-07,1.042614161900162e-06,3.278849367602177e-05
3.727189093241018e-07,5.625962477713204e-07,1.0411407549693895e-06,3.224536687707779e-05
3.716230627792518e-07,5.71866877162864e-07,1.0385211987546582e-06,3.1696167464100946e-05
3.704348584277722e-07,5.813842345595689e-07,1.0347667695103313e-06,3.114447349682985e-05
3.691535435576953e-07,5.910929496121537e-07,1.0298914163178443e-06,3.0593628133528965e-05
3.6778615253311725e-07,6.009327149916911e-07,1.0239132679299882e-06,3.0046696603622005e-05
3.663461866925065e-07,6.108391109862e-07,1.016856972903781e-06,2.9506465227242985e-05
3.6485197445799617e-07,6.207462770985276e-07,1.0087545576439644e-06,2.897546323556803e-05
3.6332477782862657e-07,6.305907146123132e-07,9.996433616557655e-07,2.8455994248654884e-05
3.6178641413123116e-07,6.403162768479468e-07,9.895643324422692e-07,2.7950156841140144e-05
3.6025768144159997e-07,6.498772386178756e-07,9.785640686676571e-07,2.7459840171248558e-05
3.587577091800763e-07,6.5923496940202e-07,9.666976665912805e-07,2.6986704696952703e-05
3.573032766033297e-07,6.683509695389639e-07,9.540271221666849e-07,2.6532156289047875e-05
3.559080143413957e-07,6.771831430190615e-07,9.406166419685774e-07,2.6097316370236426e-05
3.5458308046151743e-07,6.856864076840087e-07,9.265305933135999e-07,2.568298786330919e-05
3.5333944655390795e-07,6.938146893085085e-07,9.11834384419176e-07,2.528961580687936e-05
3.5218917932799203e-07,7.015237314364925e-07,8.96594001100774e-07,2.4917265020805803e-05
3.511451630510723e-07,7.087745103529754e-07,8.80873552105224e-07,2.4565645359705772e-05
3.50220508172607e-07,7.155343726989718e-07,8.647334846735228e-07,2.4234192438861608e-05
3.494273913705303e-07,7.21774886421771e-07,8.482303760315537e-07,2.392217592421104e-05
3.487752996448751e-07,7.27470019444819e-07,8.314171298452364e-07,2.3628769702466848e-05
3.48269497683188e-07,7.325967303626938e-07,8.1434297434158e-07,2.3353046982847078e-05
3.4791021916959855e-07,7.37135407126596e-07,7.970542010519041e-07,2.3093948260414985e-05
3.4769294783349107e-07,7.410689982368448e-07,7.795957551908906e-07,2.285027858682046e-05
3.4760960709872924e-07,7.443824577438864e-07,7.620119081542668e-07,2.2620742491929397e-05
3.476499810778194e-07,7.470624198161276e-07,7.44346024971251e-07,2.2404034745370332e-05
3.4780291878905225e-07,7.490965139614865e-07,7.266414720473937e-07,2.219896605659352e-05
3.480566578219241e-07,7.504737127969825e-07,7.089428635691384e-07,2.200451562221321e-05
3.483982820835605e-07,7.511864952580972e-07,6.912951996344165e-07,2.1819779563376944e-05
3.4881394862487657e-07,7.512328842384805e-07,6.737421926225753e-07,2.1643904517040968e-05
3.4928998967067644e-07,7.506165122858284e-07,6.563267029864781e-07,2.1476059773571606e-05
3.498129687918736e-07,7.493455662069536e-07,6.390925468690125e-07,2.1315421580518242e-05
3.503689880355927e-07,7.474319691019656e-07,6.220845615219361e-07,2.1161153875659728e-05
3.50944369904444e-07,7.448906302803035e-07,6.053468455304987e-07,2.101243133589369e-05
3.515286934232256e-07,7.417384092564779e-07,5.889227262868372e-07,2.086853376490247e-05
3.5211830190928726e-07,7.379930131275609e-07,5.728569352779916e-07,2.0728961445999968e-05
3.527159012016921e-07,7.336725330800661e-07,5.57196023339321e-07,2.0593514445675605e-05
3.533260918250485e-07,7.287966774202511e-07,5.419857029089015e-07,2.0462358705760585e-05
3.539521829742488e-07,7.233888769622602e-07,5.272681170055483e-07,2.033612254415719e-05
3.545967178441585e-07,7.174766512255752e-07,5.130813523394785e-07,2.021594857971532e-05
3.552629411963154e-07,7.110897243368117e-07,4.994596338354257e-07,2.010337988469286e-05
3.559540453874544e-07,7.04257998509536e-07,4.864322251021527e-07,2.000009906326193e-05
3.5667070006389585e-07,6.970107837911722e-07,4.7402227123278534e-07,1.990763803742085e-05
3.574100567443405e-07,6.893768339982649e-07,4.6224660276371567e-07,1.9827158857740545e-05
3.581672095562931e-07,6.813841792774502e-07,4.5111636567652005e-07,1.9759370858765618e-05
3.58937115943404e-07,6.73059309030586e-07,4.406396724398238e-07,1.9704578843483287e-05
3.597150168733593e-07,6.644267424130771e-07,4.308260530334009e-07,1.966278087919189e-05
3.604956491119354e-07,6.555105632010341e-07,4.2168829034355567e-07,1.9633791825975854e-05
3.612728866062957e-07,6.463371253078654e-07,4.132391927492205e-07,1.961745616459728e-05
3.6204034821923354e-07,6.369358860867829e-07,4.0548950334272473e-07,1.9613864517943758e-05
3.6279305281922654e-07,6.273378543275184e-07,3.984532057005625e-07,1.9623359680793645e-05
3.635290638375295e-07,6.175746195011167e-07,3.921557601546475e-07,1.96463328876275e-05
3.6424896322478925e-07,6.076794884120141e-07,3.866373981337142e-07,1.968299442182061e-05
3.649545632074722e-07,5.976890411570678e-07,3.819505423416764e-07,1.9733272595582543e-05
3.6564931108284357e-07,5.876427316848836e-07,3.7815325229545994e-07,1.9796964559322054e-05
3.6633881548973155e-07,5.775804106678376e-07,3.7529980465768006e-07,1.987408839949259e-05
3.6703003763808887e-07,5.675398286138575e-07,3.734332824320109e-07,1.9965145839020442e-05
3.6773037518087156e-07,5.575557188345835e-07,3.7258408968061207e-07,2.0071118677947642e-05
3.684473237977056e-07,5.476609548366511e-07,3.727709788192296e-07,2.0193306131452302e-05
3.691883998586343e-07,5.378893852329047e-07,3.740014988771864e-07,2.0333143341076964e-05
3.6996115254435526e-07,5.282799286956285e-07,3.762724752986895e-07,2.0492028206345845e-05
3.707722168562167e-07,5.188817915202009e-07,3.795696477661567e-07,2.0671153115228635e-05
3.7162527735484467e-07,5.097573664002131e-07,3.8386661357981407e-07,2.087136898844879e-05
3.725206732339765e-07,5.009779099467273e-07,3.891262968393113e-07,2.109311565811297e-05
3.7345772845907934e-07,4.926150933415549e-07,3.953045290505443e-07,2.133642799478229e-05
3.7443710045825634e-07,4.847374847090261e-07,4.023517474760517e-07,2.1600981672172767e-05
3.7546068538420615e-07,4.774133482463833e-07,4.102129467693229e-07,2.188610911240646e-05
3.7653022534868e-07,4.7071345687554503e-07,4.1882875850891533e-07,2.2190762829364813e-05
3.776478600641349e-07,4.6471160762913636e-07,4.2813802412487886e-07,2.251347572051449e-05
3.788180486434362e-07,4.5948515246633217e-07,4.380808783845358e-07,2.285237274990367e-05
3.8004670516150687e-07,4.5511623033106727e-07,4.486006583961156e-07,2.320525401481133e-05
3.8133803418236044e-07,4.516917713980632e-07,4.596423116639123e-07,2.3569732378489364e-05
3.826939361102862e-07,4.492986836776211e-07,4.711484308058328e-07,2.3943371851601612e-05
3.8411606768871497e-07,4.4801342122532423e-07,4.830572109718989e-07,2.432377899254781e-05
3.8560623114763727e-07,4.478925209233081e-07,4.953033802296914e-07,2.470866009902547e-05
3.871642879133355e-07,4.489696241524546e-07,5.078200959598899e-07,2.5095874566324304e-05
3.8878613704234296e-07,4.512560128920761e-07,5.205414993384606e-07,2.5483464148193885e-05
3.9046296046705366e-07,4.5474138026543e-07,5.334047499821698e-07,2.5869626984659865e-05
3.9218148599708134e-07,4.5939560714705455e-07,5.463485644361783e-07,2.6252655630117364e-05
3.9392524934804934e-07,4.651720187198568e-07,5.593099094462505e-07,2.6630875703302035e-05
3.956769699102225e-07,4.7201202601003283e-07,5.722230128118441e-07,2.700258961046228e-05
3.974208779445775e-07,4.798499421301959e-07,5.85020255607439e-07,2.736603268460467e-05
3.991428670311707e-07,4.886147489273616e-07,5.976333650858053e-07,2.771937025048127e-05
4.008287395892365e-07,4.982295537001344e-07,6.099964755156204e-07,2.8060720992021778e-05
4.024637274933128e-07,5.086148058159809e-07,6.220503895919371e-07,2.8388165118905883e-05
4.040346574750191e-07,5.1969715916036e-07,6.337438599492135e-07,2.8699747901883576e-05
4.055319658720009e-07,5.314176593442326e-07,6.450325621770527e-07,2.899350142080511e-05
4.069485646606596e-07,5.437324502548127e-07,6.558794061173096e-07,2.9267488822362897e-05
4.082771613603803e-07,5.566058746094849e-07,6.662544605504743e-07,2.9519920590412965e-05
4.0950983230038953e-07,5.700010194235633e-07,6.761321474323131e-07,2.974934589229461e-05
4.106395257355634e-07,5.838726762463526e-07,6.854877217250559e-07,2.995478513429557e-05
4.1166072924277205e-07,5.981649056754804e-07,6.94295590451324e-07,3.013574427647517e-05
4.1256922609958026e-07,6.12812328706784e-07,7.02529630249189e-07,3.0292199194811488e-05
4.1336230333911184e-07,6.277424318633891e-07,7.101640573463963e-07,3.0424571839510198e-05
4.140388280431538e-07,6.428772099511006e-07,7.171753890668861e-07,3.053364715264719e-05
4.1459781531349037e-07,6.581344802482497e-07,7.235464368321931e-07,3.062043547759269e-05
4.150368793087801e-07,6.734288757850054e-07,7.292686309517312e-07,3.068600739807293e-05
4.1535296956653936e-07,6.88672307231789e-07,7.343392796006831e-07,3.0731333537121216e-05
4.155445151806892e-07,7.037749761138304e-07,7.387568471470527e-07,3.075722680160075e-05
4.1561206522639753e-07,7.186478760606971e-07,7.425187838182045e-07,3.076443419642283e-05
4.155565817560602e-07,7.332061142592561e-07,7.456220142834683e-07,3.075376623671963e-05
4.1537759610079625e-07,7.473709664008155e-07,7.480636868585445e-07,3.072616411667064e-05
4.150731811063453e-07,7.610695287843374e-07,7.498414022824109e-07,3.0682698453848606e-05
4.146406884437118e-07,7.74233848061427e-07,7.509544970846354e-07,3.0624480774949817e-05
4.14076834894789e-07,7.868010837654923e-07,7.51407510145987e-07,3.0552532137094705e-05
4.133776595853502e-07,7.987136044559551e-07,7.512148654893285e-07,3.046777068371248e-05
4.125388243733128e-07,8.099191421341367e-07,7.5040408281137e-07,3.0371136449218763e-05
4.1155611888889603e-07,8.203718575530545e-07,7.490136247556301e-07,3.0263664236219177e-05
4.104262714618261e-07,8.300323148236186e-07,7.47085540702786e-07,3.0146441701791468e-05
4.091476223458769e-07,8.388663193839374e-07,7.446596263627322e-07,3.002055951009133e-05
4.077200398447454e-07,8.468465340246238e-07,7.417734353936497e-07,2.988708755297748e-05
4.06144376911685e-07,8.539566079602892e-07,7.38465133427632e-07,2.9747045521125536e-05
4.044217856210961e-07,8.601935068250015e-07,7.347744054860587e-07,2.960137318708026e-05
4.0255277952163575e-07,8.655676417023096e-07,7.30740146511657e-07,2.9450911868145612e-05
4.005365186394042e-07,8.701012525537319e-07,7.263982647129756e-07,2.9296378688856635e-05
3.983713141324721e-07,8.738228865353184e-07,7.217823262795218e-07,2.9138325972049437e-05
3.9605592495306723e-07,8.767598408714618e-07,7.169249371574056e-07,2.897710696003871e-05
3.935898881325319e-07,8.789339387360056e-07,7.118577159910477e-07,2.8812864591345727e-05
3.909727322502626e-07,8.803621360367944e-07,7.066102933171287e-07,2.864554394133976e-05
3.882035747075736e-07,8.81058921237443e-07,7.012093861086864e-07,2.8474920653730134e-05
3.8528173200355966e-07,8.810373394654281e-07,6.956795283465012e-07,2.830063980496953e-05
3.822072007530164e-07,8.803095794868612e-07,6.900465627924267e-07,2.8122250078574988e-05
3.789801861503501e-07,8.788895152850506e-07,6.843430769782982e-07,2.793920962031889e-05
3.7560087764099505e-07,8.767951733802817e-07,6.786117828163872e-07,2.775087860089193e-05
3.7207079216345257e-07,8.740484232034843e-07,6.729022901170828e-07,2.7556533830671123e-05
3.68394988654431e-07,8.706733360215674e-07,6.672634506051319e-07,2.7355396409290062e-05
3.6458278514311965e-07,8.666948751980669e-07,6.61737668263355e-07,2.714665760238064e-05
3.6064643837118666e-07,8.621379772014837e-07,6.563589749210538e-07,2.692952434198962e-05
3.565998584203301e-07,8.570270547342047e-07,6.511532274540044e-07,2.670329903249388e-05
3.5245781833780997e-07,8.51385513223437e-07,6.461395050174055e-07,2.646749674853787e-05
3.482350380979361e-07,8.452360686353843e-07,6.413332044892024e-07,2.622198044391284e-05
3.439465214435223e-07,8.386029037614994e-07,6.36750843803516e-07,2.5967046055999218e-05
3.3960993668115265e-07,8.315126956311198e-07,6.324124706177205e-07,2.570341126357584e-05
3.352471364283564e-07,8.239922372408987e-07,6.283383587176761e-07,2.543214390423017e-05
3.308818508823028e-07,8.160658459291809e-07,6.245435372153719e-07,2.515459611264245e-05
3.265355842806895e-07,8.077546165847866e-07,6.210364362318679e-07,2.4872347183565922e-05
3.222256602986293e-07,7.990762438833615e-07,6.178243151760075e-07,2.458708876802713e-05
3.179658517178172e-07,7.900454794631168e-07,6.149209496809065e-07,2.430043246836059e-05
3.137675934963004e-07,7.806755564270994e-07,6.123489550339177e-07,2.401374156872637e-05
3.096405706175393e-07,7.709795022823442e-07,6.10135188811032e-07,2.372808758312421e-05
3.055928804458751e-07,7.60971038928977e-07,6.08304274766755e-07,2.344428239430913e-05
3.0163133153103126e-07,7.506655746162676e-07,6.068749535132614e-07,2.31629043421368e-05
2.977624912897824e-07,7.400807384497196e-07,6.058590627197664e-07,2.288436045200409e-05
2.939942220447771e-07,7.292357087646702e-07,6.052608029269759e-07,2.2609019374857692e-05
2.903354431678729e-07,7.181499922248754e-07,6.050773632472719e-07,2.233730147779692e-05
2.8679385789058643e-07,7.068440048041351e-07,6.053022234903594e-07,2.2069622343489773e-05
2.8337481047269177e-07,6.953445271280743e-07,6.059275489770781e-07,2.1806277298611263e-05
2.800820068461284e-07,6.836935019392691e-07,6.069435457316707e-07,2.154739329366215e-05
2.769181478095356e-07,6.719526003279667e-07,6.083385090714799e-07,2.1292930619543428e-05
2.738855447860613e-07,6.601987173982909e-07,6.101012112280407e-07,2.104268875748504e-05
2.7098742626019714e-07,6.485138364354789e-07,6.122218052608033e-07,2.079633609738905e-05
2.682287168314169e-07,6.369762093208697e-07,6.146888268606793e-07,2.0553460753887102e-05
2.656154226952194e-07,6.256565605072926e-07,6.17485284286916e-07,2.0313593943641408e-05
2.631531616648346e-07,6.146198734733847e-07,6.205881255188003e-07,2.007620148413781e-05
2.608457561347275e-07,6.039311387324916e-07,6.23971188977121e-07,1.9840696047915272e-05
2.5869503725054367e-07,5.936597421679488e-07,6.276085500828555e-07,1.960647911232348e-05
2.567019332675412e-07,5.838791716028676e-07,6.314755878624898e-07,1.9372963259479e-05
2.5486719856625085e-07,5.74664663078551e-07,6.355473403876229e-07,1.913956216997427e-05
2.5319090001282174e-07,5.660907421672987e-07,6.39796638148869e-07,1.890569408885684e-05
2.516722465548634e-07,5.582272152911138e-07,6.441940217723876e-07,1.8670855799554736e-05
2.5031152485562937e-07,5.511349118275254e-07,6.487085475188548e-07,1.843474657385352e-05
2.4911259068505225e-07,5.4486465534136e-07,6.533080366175475e-07,1.8197326883214028e-05
2.4808258106272605e-07,5.39458383729861e-07,6.579581330903431e-07,1.795880289074286e-05
2.472296097058453e-07,5.34949115675097e-07,6.626206605979694e-07,1.7719621678294792e-05
2.4656129413323324e-07,5.313591903981967e-07,6.672529598241342e-07,1.7480443999340253e-05
2.4608326671106016e-07,5.286983541658282e-07,6.718096192366136e-07,1.7242050408225905e-05
2.457973393657093e-07,5.269632105725854e-07,6.76245673060861e-07,1.7005241841532895e-05
2.4570137832332397e-07,5.261383666462813e-07,6.805179803084408e-07,1.6770798360318647e-05
2.457904188587723e-07,5.261989176359093e-07,6.845840038184861e-07,1.6539496856725236e-05
2.460572857846824e-07,5.27113602355594e-07,6.884020412450729e-07,1.6312138040851782e-05
2.4649265513709326e-07,5.288480775247449e-07,6.919348002161106e-07,1.6089538231408124e-05
2.470856239958165e-07,5.313676178275128e-07,6.951521246058718e-07,1.5872478813365435e-05
2.4782572328045416e-07,5.346377769045479e-07,6.980306562988356e-07,1.566163195642766e-05
2.487049190462336e-07,5.386219688722968e-07,7.00553429403034e-07,1.5457501205447992e-05
2.497173133130377e-07,5.432775125623689e-07,7.027099175453356e-07,1.526040297588094e-05
2.5085717792098346e-07,5.485531890154748e-07,7.044949879575198e-07,1.5070477167260074e-05
2.5211698559984717e-07,5.543902571775771e-07,7.059073926882433e-07,1.4887710062000495e-05
2.5348652070509336e-07,5.607279450150103e-07,7.069476538306069e-07,1.4711960300671124e-05
2.549540739330626e-07,5.675110469528437e-07,7.07615830740312e-07,1.4542976562690186e-05
2.565080898043478e-07,5.746938932440515e-07,7.079115975172257e-07,1.4380405167286194e-05
2.5813669113328966e-07,5.822379427067771e-07,7.078359401952674e-07,1.4223799342423416e-05
2.5982622367873e-07,5.901052416393842e-07,7.073916924886474e-07,1.4072650459067032e-05
2.615607815353473e-07,5.982531346926108e-07,7.06582543025604e-07,1.3926452278719034e-05
2.633222935519945e-07,6.066345025563713e-07,7.054118409567352e-07,1.3784782110504904e-05
2.6509120528728857e-07,6.152016812028779e-07,7.038821059726915e-07,1.3647376880111258e-05
2.668488981989789e-07,6.239097352121462e-07,7.019952785281175e-07,1.35141828826469e-05
2.685806450053357e-07,6.327185232927805e-07,6.997538018102179e-07,1.3385355004834269e-05
2.7027581380314697e-07,6.415935622375472e-07,6.971625525705247e-07,1.3261215360549405e-05
2.719257341833127e-07,6.505039487473088e-07,6.94231341727924e-07,1.3142202424974886e-05
2.735230363746732e-07,6.594189148938997e-07,6.909783330858919e-07,1.3028822649383037e-05
2.750627961917603e-07,6.683064230195535e-07,6.874326967447047e-07,1.2921619870275486e-05
2.765434079001545e-07,6.771330958281507e-07,6.836325642842551e-07,1.282116702011683e-05
2.7796686190957907e-07,6.858632918747267e-07,6.796184979681242e-07,1.2728033988993307e-05
2.793389230075489e-07,6.944587994597296e-07,6.754277667712297e-07,1.2642700193772416e-05
2.806692486754784e-07,7.028811208970067e-07,6.71092818531096e-07,1.2565485791814892e-05
2.819706843772268e-07,7.110950106360501e-07,6.666421819287402e-07,1.2496587435978322e-05
2.832577463455581e-07,7.190715000034269e-07,6.621013627997747e-07,1.2436149758045387e-05
2.845449666419875e-07,7.267891438978963e-07,6.574942611197098e-07,1.238425587360596e-05
2.8584494820042364e-07,7.342325735854569e-07,6.528465546383288e-07,1.2340882286734649e-05
2.8716684757301905e-07,7.413897245768348e-07,6.481895168797101e-07,1.2305955782932432e-05
2.885165083754797e-07,7.482488637858129e-07,6.435599874936828e-07,1.2279524314796622e-05
2.898976480695505e-07,7.547958775863144e-07,6.389959259495194e-07,1.2261896857268052e-05
2.913122623250816e-07,7.610153158955434e-07,6.345328408752753e-07,1.2253644329145002e-05
2.927602524988646e-07,7.668961757116678e-07,6.302038938712008e-07,1.225548957683908e-05
2.942403626238851e-07,7.72436078374111e-07,6.260398400578796e-07,1.226815248605538e-05
2.957519280692225e-07,7.776406297956212e-07,6.220663550382835e-07,1.2292208237418088e-05
2.972948444245237e-07,7.825221364412653e-07,6.183017520244e-07,1.2328013286135045e-05
2.9886860211150023e-07,7.870987793099088e-07,6.147568660796468e-07,1.2375707286800524e-05
3.004729598729354e-07,7.913924551165353e-07,6.114362060712387e-07,1.2435239061517849e-05
3.0211013246579316e-07,7.954279886529157e-07,6.08340553459465e-07,1.2506373048311356e-05
3.0378653319099197e-07,7.992357688315099e-07,6.054694541506842e-07,1.258868656174516e-05
3.05511989297329e-07,8.028542786760703e-07,6.028207849547846e-07,1.2681575932111556e-05
3.0729690932300486e-07,8.063283095068211e-07,6.003884589446549e-07,1.278427654739529e-05
3.0915116344440195e-07,8.097017183350939e-07,5.981607713302533e-07,1.2895899274494705e-05
3.110851920139068e-07,8.130088715296895e-07,5.961200102771552e-07,1.3015475681489003e-05
3.131099100897215e-07,8.162717714014119e-07,5.942429820773141e-07,1.314204630564095e-05
3.152349483993092e-07,8.195034070305478e-07,5.925018280509609e-07,1.327487674569418e-05
3.1746734207124266e-07,8.227115184460923e-07,5.908649757376955e-07,1.3413735507920026e-05
3.198117295426846e-07,8.258989847163061e-07,5.892985881876653e-07,1.3558991535891761e-05
3.222713471911061e-07,8.29061360294149e-07,5.877695604390191e-07,1.3711457748642193e-05
3.248479142837965e-07,8.321845342102057e-07,5.862500564896425e-07,1.3872130286927857e-05
3.2754015885078263e-07,8.352452225521098e-07,5.84719558100013e-07,1.4041940413488886e-05
3.3034245808117906e-07,8.382141314247341e-07,5.83161811042501e-07,1.4221629648274436e-05
3.332446860125075e-07,8.410599315936977e-07,5.815606811101854e-07,1.4411892847393509e-05
3.362336670892761e-07,8.437530218376344e-07,5.798983919604038e-07,1.4613690818300027e-05
3.392946985579689e-07,8.462696638396895e-07,5.781550279318011e-07,1.4828406825386224e-05
3.424113945417367e-07,8.485975881385291e-07,5.763089887272078e-07,1.5057733068419632e-05
3.455652634260102e-07,8.507416866287182e-07,5.743395920602343e-07,1.5303436994325927e-05
3.487364703099321e-07,8.52726505787505e-07,5.722306946343726e-07,1.5567142749261053e-05
3.5190500745752704e-07,8.545938465791059e-07,5.699719776705777e-07,1.5850176894826182e-05
3.5505208873686535e-07,8.5639497087039e-07,5.675575082377089e-07,1.615346793797933e-05
3.5816161492898985e-07,8.581789651632041e-07,5.649864204890816e-07,1.647748661608071e-05
3.6122083565968685e-07,8.599831639964384e-07,5.622677270666563e-07,1.682225137105443e-05
3.64220380290433e-07,8.618313016488571e-07,5.594233917826071e-07,1.718738385004682e-05
3.671533042242557e-07,8.637385722764307e-07,5.564846598469456e-07,1.757214280586234e-05
3.700126269999574e-07,8.65716524018239e-07,5.534843648677399e-07,1.7975403106191805e-05
3.727896483741529e-07,8.677717977488428e-07,5.504516382078494e-07,1.839562744238722e-05
3.754754598046708e-07,8.699021063802899e-07,5.474130386711622e-07,1.883089669890705e-05
3.780643739755728e-07,8.72096968294919e-07,5.443981864567653e-07,1.927900452226769e-05
3.805560221775635e-07,8.743416122210384e-07,5.414442661801536e-07,1.973758577612801e-05
3.829544055897135e-07,8.766176090771482e-07,5.385963640675381e-07,2.0204273004567363e-05
3.852649242519594e-07,8.789015555111103e-07,5.359040406618435e-07,2.0676850130993806e-05
3.8749202563414797e-07,8.811663552496655e-07,5.334153497086614e-07,2.115332495696252e-05
3.89638929317424e-07,8.83384266970249e-07,5.31171142445488e-07,2.163189503507749e-05
3.917081528216301e-07,8.855293955586596e-07,5.292036534993219e-07,2.2110867957922647e-05
3.937008767871187e-07,8.875795635421766e-07,5.27539450790695e-07,2.258859530096837e-05
3.9561543756374967e-07,8.895178726489081e-07,5.262021192057682e-07,2.3063422715616643e-05
3.974470705979184e-07,8.913331073163399e-07,5.252124717874961e-07,2.353364080697619e-05
3.9918938826622465e-07,8.930174172273283e-07,5.245890082998832e-07,2.3997443149070127e-05
4.0083551499317547e-07,8.945620841264951e-07,5.243500026373875e-07,2.445291813404264e-05
4.023775667852513e-07,8.959543170209455e-07,5.245142080319193e-07,2.489810991807466e-05
4.0380578414029176e-07,8.971778073387169e-07,5.250981910804284e-07,2.5331120673026898e-05
4.051089153136693e-07,8.98218030155389e-07,5.261140441524865e-07,2.57501660677775e-05
4.06276348878159e-07,8.990676931490436e-07,5.275717428503292e-07,2.615357727333957e-05
4.073018398395043e-07,8.997278104286959e-07,5.294841480736376e-07,2.6539810305330868e-05
4.0818739774736717e-07,9.002066246662717e-07,5.318693885686525e-07,2.6907459881251155e-05
4.0894519341401975e-07,9.005176508617885e-07,5.34748155441656e-07,2.7255240107498678e-05
4.0959538901991366e-07,9.006757471091742e-07,5.381374875689495e-07,2.758197272416037e-05
4.1016040335318065e-07,9.006932446325875e-07,5.4204512685777e-07,2.788662956411967e-05
4.1066053203254266e-07,9.005790027810455e-07,5.464676018939869e-07,2.816836435652577e-05
4.111128733859736e-07,9.003401091433205e-07,5.513909612475693e-07,2.8426474025476703e-05
4.1153064626146604e-07,8.999831169794956e-07,5.5679112875656e-07,2.8660315300635786e-05
4.1192296018536844e-07,8.995148784563739e-07,5.62634360012619e-07,2.8869221792094396e-05
4.122965472949501e-07,8.989445391812038e-07,5.688802731457286e-07,2.9052459803628588e-05
4.126575639377019e-07,8.982832213323706e-07,5.75485257025721e-07,2.9209238326550207e-05
4.1301134670889953e-07,8.975401362494711e-07,5.824021642409724e-07,2.93387659528217e-05
4.133605512978576e-07,8.967191733187944e-07,5.895784184602453e-07,2.944034727033225e-05
4.1370351709939535e-07,8.958174376162764e-07,5.969573256042805e-07,2.9513492124578942e-05
4.140347951938704e-07,8.948251439954307e-07,6.044824934229209e-07,2.955798345211917e-05
4.143480797244756e-07,8.937270015103254e-07,6.121027386112686e-07,2.9573874949531622e-05
4.146391642067674e-07,8.92504366402273e-07,6.197749858290272e-07,2.956142732755259e-05
4.149070943073125e-07,8.911381494547594e-07,6.274622109920754e-07,2.9521027736136156e-05
