2.42647999320964e-07,2.143967262988768e-06,4.798690224796587e-06,4.3898392278726044e-07
2.421660419361158e-07,2.181270618418061e-06,4.783736119763619e-06,4.4097335421486987e-07
2.419035057736878e-07,2.2172075219868347e-06,4.770170174370375e-06,4.42966043762969e-07
2.4188367390131296e-07,2.2515683363339386e-06,4.75797933727267e-06,4.449562329209266e-07
2.4212618011553357e-07,2.284155772567273e-06,4.747117093091455e-06,4.469337182903776e-07
2.4265077123041394e-07,2.3147946922355917e-06,4.737507868570378e-06,4.488848210205007e-07
2.4347956578646804e-07,2.343337539359602e-06,4.7290549134069405e-06,4.5079418201706364e-07
2.446386448032153e-07,2.3696606493633117e-06,4.7216410544814636e-06,4.526480148513285e-07
2.461589307080946e-07,2.3936556388350816e-06,4.715131557954284e-06,4.5443761334755753e-07
2.48074100626228e-07,2.4152224198889923e-06,4.709386039710171e-06,4.56160897687636e-07
2.504164972646717e-07,2.4342674179195707e-06,4.704270604471502e-06,4.578218477502705e-07
2.532134543159253e-07,2.450703872154612e-06,4.699663370985292e-06,4.594288475033567e-07
2.5648457367282357e-07,2.4644506891460484e-06,4.695458375953522e-06,4.609924954892493e-07
2.6024189581620396e-07,2.47543205425238e-06,4.6915699751009334e-06,4.625229668294093e-07
2.644946424107667e-07,2.483580118665788e-06,4.6879296920568945e-06,4.6402722760777436e-07
2.692559145154957e-07,2.4888387147665054e-06,4.684472840637179e-06,4.6550763420321256e-07
2.7454811826789136e-07,2.491164610755896e-06,4.681119466081183e-06,4.6696356247226936e-07
2.804060295721272e-07,2.4905256534980565e-06,4.677758998959545e-06,4.6839451937534725e-07
2.868769374308827e-07,2.486899159140057e-06,4.6742517054271815e-06,4.69800676196869e-07
2.940185479575972e-07,2.4802739737767653e-06,4.6704479833464664e-06,4.7118032475768794e-07
3.0189659578014287e-07,2.4706547449669238e-06,4.666207977012829e-06,4.725279885849658e-07
3.105827916269651e-07,2.458065141939716e-06,4.6614014643120115e-06,4.7383445534903365e-07
3.201519899658288e-07,2.442548845220006e-06,4.655891557813728e-06,4.750868760432147e-07
3.306789771666626e-07,2.424166768147327e-06,4.649529431793074e-06,4.76268663157708e-07
3.422368397553585e-07,2.402992215742065e-06,4.642176877231674e-06,4.773604737893727e-07
3.5489507758410886e-07,2.3791093635967703e-06,4.633736951398713e-06,4.783423877469094e-07
3.687147673686341e-07,2.3526144088449737e-06,4.624155742474705e-06,4.791962196566546e-07
3.8374344965617095e-07,2.323614798631704e-06,4.6133933755231665e-06,4.79907621407914e-07
4.000119074091055e-07,2.29222658854976e-06,4.60140111949757e-06,4.804676530021187e-07
4.1753059286517627e-07,2.258572449473762e-06,4.588128706926361e-06,4.808726917473566e-07
4.362855647404939e-07,2.222780179244168e-06,4.573549650381891e-06,4.811223853474811e-07
4.5623766784858246e-07,2.18498051924554e-06,4.55767769111176e-06,4.812164474240428e-07
4.773268150004634e-07,2.1453057416621663e-06,4.540568648093657e-06,4.811519099629814e-07
4.994796754831348e-07,2.1038896474784187e-06,4.5223157767355765e-06,4.809223525692916e-07
5.226186082713574e-07,2.0608667320247216e-06,4.503031539521166e-06,4.805186175227887e-07
5.466695229142135e-07,2.0163707790737243e-06,4.482820273089797e-06,4.799296869474672e-07
5.715659460433355e-07,1.97053485038274e-06,4.46176295568461e-06,4.791435570386422e-07
5.972488169225612e-07,1.923491995567624e-06,4.439913720269766e-06,4.781480615846089e-07
6.236636535130889e-07,1.8753754604605354e-06,4.417297455093519e-06,4.769313551953189e-07
6.507568456128553e-07,1.82631825989724e-06,4.3939080454216715e-06,4.7548236192306253e-07
6.784736360478074e-07,1.7764517687114452e-06,4.369717029407654e-06,4.737911422554465e-07
7.06758432618085e-07,1.7259040245161648e-06,4.34471365340878e-06,4.7184933080917903e-07
7.35554862628732e-07,1.6748005241088656e-06,4.318964923515963e-06,4.696517273232753e-07
7.648059531001436e-07,1.6232682311749803e-06,4.2926336698663625e-06,4.6719833061873806e-07
7.944565430407937e-07,1.5714382403212484e-06,4.2659323644835145e-06,4.644942848129138e-07
8.244557374009088e-07,1.5194435272558745e-06,4.239072435247033e-06,4.6154729252714177e-07
8.547565875961622e-07,1.4674152200684126e-06,4.212267069605899e-06,4.583651159958689e-07
8.853133984254549e-07,1.4154821042995188e-06,4.185769401377082e-06,4.5495552714301756e-07
9.160785373101631e-07,1.3637725053247809e-06,4.15988659452957e-06,4.513278751525816e-07
9.470003847279949e-07,1.3124145214467243e-06,4.134957980285569e-06,4.4749395250517615e-07
9.780218705824128e-07,1.2615330894193656e-06,4.111323236102787e-06,4.434672685671111e-07
1.0090784159933195e-06,1.2112458236936402e-06,4.089289017622695e-06,4.3926160115044747e-07
1.0400964328626897e-06,1.1616601112943502e-06,4.069102182395334e-06,4.348903652244236e-07
1.070992674382945e-06,1.1128731434294146e-06,4.050941249997172e-06,4.3036680740589037e-07
1.101673061946196e-06,1.064975178545963e-06,4.034920532475378e-06,4.257037628568584e-07
1.1320321109415596e-06,1.0180528214121835e-06,4.0211024969399585e-06,4.2091325869558355e-07
1.1619554408438021e-06,9.721883996694334e-07,4.0095171822598055e-06,4.1600722306004703e-07
1.19132458287798e-06,9.274571422359335e-07,4.000169720558931e-06,4.1099856804865644e-07
1.2200202106658043e-06,8.839266824354059e-07,3.993029464182777e-06,4.0590079767720727e-07
1.2479237033478612e-06,8.416601943659613e-07,3.988026057895894e-06,4.007272002270902e-07
1.2749218993240407e-06,8.00720707567621e-07,3.9850572728436586e-06,3.954917845777099e-07
1.3009138419950871e-06,7.611720726237627e-07,3.983988885248911e-06,3.902107052904665e-07
1.325812866283909e-06,7.230757760354077e-07,3.984657469501487e-06,3.849027963876597e-07
1.3495448642285562e-06,6.864877312946417e-07,3.986905606583731e-06,3.7959007819961035e-07
1.3720475945589045e-06,6.514584867617652e-07,3.990653891128257e-06,3.742977476093733e-07
1.393270726129738e-06,6.180370160245145e-07,3.996000683151931e-06,3.690525264223673e-07
1.4131751860856143e-06,5.862728573327618e-07,4.0033338596028464e-06,3.638806461169121e-07
1.4317326821664733e-06,5.562119333522004e-07,4.0133982067764014e-06,3.588070226551401e-07
1.4489255610352763e-06,5.27890814663629e-07,4.027254076573879e-06,3.538543507994727e-07
1.464746103137052e-06,5.013346800512042e-07,4.046141872195599e-06,3.490412918726253e-07
1.4791947996654406e-06,4.765569886721572e-07,4.071325783025516e-06,3.443818924016047e-07
1.4922771177241136e-06,4.535594654722324e-07,4.103966649059981e-06,3.398865084287476e-07
1.5039992888305333e-06,4.3233301831093256e-07,4.1450379163849655e-06,3.355627995138336e-07
1.5143652519435014e-06,4.128586733187414e-07,4.195286092573113e-06,3.3141704490891925e-07
1.5233755372695038e-06,3.951089524215392e-07,4.255241166202472e-06,3.274551144443238e-07
1.5310272914495225e-06,3.7905073393135186e-07,4.32526718584733e-06,3.236821023041204e-07
1.537314349213629e-06,3.646479962006286e-07,4.405610867486234e-06,3.2010122006340004e-07
1.542226835848719e-06,3.5186185800713095e-07,4.496425612298492e-06,3.167125241195977e-07
1.5457518346178992e-06,3.406482296026373e-07,4.5977783300619564e-06,3.135129218506329e-07
1.5478756741997743e-06,3.309563656290042e-07,4.7096482003135065e-06,3.1049845467526603e-07
1.548585389141621e-06,3.227299733595594e-07,4.8319661334307005e-06,3.076663433024129e-07
1.5478684124192248e-06,3.159107123634111e-07,4.964767033343114e-06,3.050144882730917e-07
1.5457123318807853e-06,3.104423620485262e-07,5.108451715006562e-06,3.0253991567629585e-07
1.5421056849305715e-06,3.062716082007365e-07,5.264037514913176e-06,3.0023812514748037e-07
1.5370391493339191e-06,3.033451787558751e-07,5.433218757081384e-06,2.981032775513452e-07
1.5305064517919305e-06,3.016070287535909e-07,5.618171492679471e-06,2.961286633523283e-07
1.5225052914714692e-06,3.009972447915009e-07,5.82123181148442e-06,2.943073059966746e-07
1.5130391475130927e-06,3.0145190100189e-07,6.044600709082055e-06,2.9263256730200593e-07
1.5021197650801469e-06,3.029031304396447e-07,6.290118710004734e-06,2.910989127733332e-07
1.4897690361837367e-06,3.052806871118205e-07,6.559108476637856e-06,2.897033097895729e-07
1.4760197611908174e-06,3.0851478719585377e-07,6.8523054781132375e-06,2.8844601817164416e-07
1.46091573348473e-06,3.1253746101799285e-07,7.169888302562904e-06,2.873290699004761e-07
1.444510456605508e-06,3.1728553204469014e-07,7.5115756416503725e-06,2.863542760164767e-07
1.4268641980437401e-06,3.227105451918178e-07,7.876746522829573e-06,2.8552278795549364e-07
1.4080412416092292e-06,3.2878848700352047e-07,8.264554147029537e-06,2.8483460599642957e-07
1.3881076951652383e-06,3.355169487016979e-07,8.674010992766824e-06,2.842870948762856e-07
1.3671300398212978e-06,3.4290122679069253e-07,9.104054207326022e-06,2.838742655678796e-07
1.345176435278804e-06,3.509408178052508e-07,9.553616785611585e-06,2.835880232504703e-07
1.3223186518973954e-06,3.596228578100121e-07,1.0021689633674202e-05,2.834201625271813e-07
1.2986302402978436e-06,3.6892188926314213e-07,1.0507346820896244e-05,2.833630167036319e-07
1.2741827138623391e-06,3.788031199217886e-07,1.1009740223052305e-05,2.8340864280427215e-07
1.2490440307744489e-06,3.8922744622380474e-07,1.152806970394922e-05,2.8354796110817546e-07
1.2232790727931192e-06,4.001568768897243e-07,1.2061529169716135e-05,2.837707361222093e-07
1.196950572968736e-06,4.115580378190881e-07,1.2609241796089745e-05,2.840666492318705e-07
1.170120513967068e-06,4.2340325912120963e-07,1.3170191638678645e-05,2.8442693853891807e-07
1.1428508652174012e-06,4.3567135572071495e-07,1.3743163813708187e-05,2.8484564293586604e-07
1.1152027555524566e-06,4.4834913390492325e-07,1.4326712333695215e-05,2.8531976451728933e-07
1.0872356272797552e-06,4.614308289430372e-07,1.4919146919843493e-05,2.858479384794993e-07
1.0590076748945812e-06,4.749155608276982e-07,1.5518518567186116e-05,2.8642867561972844e-07
1.030576376806566e-06,4.888139343792914e-07,1.6122612854117493e-05,2.8705998180449354e-07
1.0019980143106505e-06,5.031673646308747e-07,1.6728977737814292e-05,2.877401458736425e-07
9.73327371041213e-07,5.180592085621255e-07,1.7334987237079833e-05,2.884679164483144e-07
9.446185737017496e-07,5.336003035464794e-07,1.7937914334666297e-05,2.892414576423251e-07
9.159271114533723e-07,5.49900157822982e-07,1.853498871979229e-05,2.900573650755508e-07
8.873123787686087e-07,5.670453245530899e-07,1.912342889731055e-05,2.909105587607654e-07
8.588379067735851e-07,5.850920685833496e-07,1.9700472448233907e-05,2.9179464407686803e-07
8.305679688647498e-07,6.040666381737821e-07,2.0263443711050228e-05,2.9270216160602944e-07
8.02564029898622e-07,6.239673470756981e-07,2.0809827133742154e-05,2.9362479635304406e-07
7.748843631342128e-07,6.447677643025148e-07,2.1337272476197464e-05,2.945546965637471e-07
7.475850389147324e-07,6.664212338468393e-07,2.1843539224053345e-05,2.954865823760841e-07
7.207194072418009e-07,6.888670197149768e-07,2.232645292581995e-05,2.964181489840486e-07
6.943370825252311e-07,7.120366082693198e-07,2.278391580876108e-05,2.973480127365623e-07
6.684833686859181e-07,7.358574233600062e-07,2.321396195764093e-05,2.982734551163753e-07
6.431983662496064e-07,7.602532928540395e-07,2.361481759498064e-05,2.9919003415331226e-07
6.18516435757041e-07,7.851442772855538e-07,2.398493665395539e-05,3.000931110653244e-07
5.944663768993615e-07,8.104515317824491e-07,2.432301391425284e-05,3.009796537853818e-07
5.710716317282917e-07,8.361079744045306e-07,2.462798599594801e-05,3.0184815100122564e-07
5.483508198207509e-07,8.620650487896269e-07,2.4899032308864263e-05,3.0269694930019533e-07
5.263190162638376e-07,8.882875709768215e-07,2.5135591751429445e-05,3.035228872786096e-07
5.04988881251908e-07,9.147409480916643e-07,2.5337390555025337e-05,3.043203646609453e-07
4.843706287133971e-07,9.413811668497605e-07,2.550445071277724e-05,3.0508123677598855e-07
4.6447128991096095e-07,9.68153103674437e-07,2.563703907607872e-05,3.057966936391176e-07
4.452946842285037e-07,9.94994135075282e-07,2.573555490108491e-05,3.064596089507116e-07
4.268424804492326e-07,1.0218385548688332e-06,2.5800421189621385e-05,3.0706481660234085e-07
4.091148787346986e-07,1.0486230500384277e-06,2.583203744694174e-05,3.076080994583843e-07
3.9211060749004505e-07,1.0752921547203907e-06,2.583078452068847e-05,3.080861177756718e-07
3.758279868620854e-07,1.101797231171068e-06,2.5797048461029088e-05,3.084977225726108e-07
3.602663298845475e-07,1.1280879720079664e-06,2.573124202016443e-05,3.0884596713085425e-07
3.4542547301996105e-07,1.1541072480375976e-06,2.563382108228577e-05,3.0913849846432555e-07
3.313042763410463e-07,1.179796251974678e-06,2.5505303236828785e-05,3.093846642313069e-07
3.178996930291073e-07,1.2051015311565785e-06,2.5346277804089843e-05,3.0959253064682694e-07
3.0520635375762107e-07,1.2299747486116416e-06,2.515739387286086e-05,3.097689521273538e-07
2.9321668583346016e-07,1.25436852754607e-06,2.493934362084873e-05,3.099211963567367e-07
2.819217929559881e-07,1.278235277601053e-06,2.46928701782504e-05,3.100577188887904e-07
2.713122078994777e-07,1.3015269078197276e-06,2.4418798350208136e-05,3.101871103074385e-07
2.613778291643102e-07,1.3241906107431185e-06,2.411805414660445e-05,3.103158786380839e-07
2.5210843859403373e-07,1.3461643599006443e-06,2.37916534053631e-05,3.104468855636152e-07
2.434953600624352e-07,1.3673766403718572e-06,2.344067579737484e-05,3.1057923111076786e-07
2.3553183384175053e-07,1.3877480620119196e-06,2.3066248492109084e-05,3.107093686034158e-07
2.282111885781e-07,1.407193409567481e-06,2.266954380063824e-05,3.1083314819504217e-07
2.2152529717870292e-07,1.4256256807246436e-06,2.2251777007180352e-05,3.109479383274292e-07
2.1546450594965378e-07,1.4429600490839975e-06,2.181420448055707e-05,3.110534022814436e-07
2.100173587434513e-07,1.459114712119612e-06,2.1358133441042105e-05,3.111503650104213e-07
2.0516962623694185e-07,1.4740104631034197e-06,2.088493935281841e-05,3.1123975317505257e-07
2.0090402587836705e-07,1.4875728110034403e-06,2.0396086972259224e-05,3.113233769835514e-07
1.9720065611699988e-07,1.4997375866712857e-06,1.9893144445027825e-05,3.114047728123328e-07
1.9403783556317002e-07,1.5104566620370282e-06,1.9377765925156453e-05,3.1148817486676674e-07
1.913942048157732e-07,1.5196993134893284e-06,1.885165121691237e-05,3.115766192419651e-07
1.8925148267584656e-07,1.527449386456564e-06,1.8316514946733026e-05,3.1167132240989625e-07
1.875957543799423e-07,1.5337021811592922e-06,1.7774067578654196e-05,3.117725435749322e-07
1.8641652748625983e-07,1.5384630153991168e-06,1.7225999270341934e-05,3.118797775684828e-07
1.8570471710455601e-07,1.54174629733709e-06,1.667396989893689e-05,3.119907088345012e-07
1.8545074245574968e-07,1.5435731146861897e-06,1.6119595563809318e-05,3.121006330497038e-07
1.856432546065709e-07,1.5439674952726625e-06,1.5564424798648015e-05,3.122028771986745e-07
1.8626877119889096e-07,1.5429562659214843e-06,1.5009929296859437e-05,3.122895270677917e-07
1.87311221030755e-07,1.540576906784044e-06,1.4457535708551279e-05,3.1235271969847303e-07
1.8875068900640442e-07,1.5368899834770882e-06,1.3908683539434216e-05,3.1238725978158585e-07
1.9056294567458815e-07,1.5319876090191778e-06,1.3364857525788706e-05,3.123925920598405e-07
1.9272089664871285e-07,1.5259898843250754e-06,1.2827563343364435e-05,3.123715846133519e-07
1.951965342029679e-07,1.5190291344275346e-06,1.22982649779658e-05,3.123289179149486e-07
1.979614484157921e-07,1.5112346495408511e-06,1.177832366226406e-05,3.1227199234811e-07
2.009863747639118e-07,1.5027286074417153e-06,1.1268964312410073e-05,3.122109552409084e-07
2.0424163079577935e-07,1.493627495745331e-06,1.0771263948148263e-05,3.121559206710312e-07
2.0769816112417322e-07,1.4840408059343428e-06,1.0286147350823767e-05,3.1211518780374414e-07
2.1132839180156863e-07,1.4740689874975032e-06,9.814390380364653e-06,3.120963694451675e-07
2.1510835211375965e-07,1.4638045574098337e-06,9.356636595777093e-06,3.1210808600318797e-07
2.1902025225268732e-07,1.453338642448364e-06,8.913428815816065e-06,3.121600064078718e-07
2.2305140743961645e-07,1.4427738637321009e-06,8.485251989949748e-06,3.122610624813997e-07
2.2719016666711426e-07,1.432234577897956e-06,8.07257436117963e-06,3.124172179872134e-07
2.3142330768937698e-07,1.4218618633070697e-06,7.675868429982392e-06,3.126306930723423e-07
2.3573567297865982e-07,1.4117989130809083e-06,7.295603486577485e-06,3.129016251198153e-07
2.401106011730083e-07,1.4021895652870364e-06,6.932215976753996e-06,3.13231011480925e-07
2.445302726227289e-07,1.3931977088360355e-06,6.5860695548030624e-06,3.1362242774413426e-07
2.48975667577727e-07,1.3850263652052383e-06,6.257424765599996e-06,3.1408095469636393e-07
2.534274146935111e-07,1.3779120332089631e-06,5.9464367947490175e-06,3.146103013585491e-07
2.5786848294671805e-07,1.372095152540724e-06,5.653176417492112e-06,3.152112371045773e-07
2.6228641025167715e-07,1.3677963953770364e-06,5.3776543814659916e-06,3.1588255780167185e-07
2.666721266628009e-07,1.3652193322094182e-06,5.119837680726624e-06,3.1662200685934575e-07
2.710165537021873e-07,1.3645584245344524e-06,4.879652540293901e-06,3.174256862839568e-07
2.753087479741356e-07,1.3659875096810342e-06,4.656968779025438e-06,3.182875071696913e-07
2.79536360622441e-07,1.3696375719551849e-06,4.451578832723941e-06,3.1919922788791716e-07
2.836864252675998e-07,1.3755847112954236e-06,4.2631922110832785e-06,3.2015048435905533e-07
2.877460346228612e-07,1.3838594323189534e-06,4.091439488134105e-06,3.211293571104593e-07
2.91703137790432e-07,1.3944747534715995e-06,3.935873497719094e-06,3.221240692594469e-07
2.955465246565395e-07,1.4074485762695347e-06,3.7959714280066813e-06,3.231246879755159e-07
2.9926507044297644e-07,1.4227978135609596e-06,3.6711452751196327e-06,3.241235561717775e-07
3.0284706023155516e-07,1.4405254205273882e-06,3.56076206255363e-06,3.2511472566537966e-07
3.062799017787977e-07,1.4606298871429336e-06,3.4641609738800965e-06,3.2609279763829e-07
3.0955083107165466e-07,1.483120815181811e-06,3.380656954477934e-06,3.270521772735896e-07
3.12647988992482e-07,1.5080110603369894e-06,3.3095476328322038e-06,3.2798815492511397e-07
3.155603393569297e-07,1.5352904601361547e-06,3.2501432193221247e-06,3.288985790431341e-07
3.182774552295839e-07,1.564909370119129e-06,3.201806385928728e-06,3.297836979698711e-07
3.207913630587856e-07,1.5967850296886008e-06,3.163965927516008e-06,3.3064451374543607e-07
3.230990852680089e-07,1.6308144916686398e-06,3.1360871942665687e-06,3.3148180634130487e-07
3.252021205042059e-07,1.6668750751127775e-06,3.1176289620766262e-06,3.322959978157609e-07
3.271035143283582e-07,1.704816043959398e-06,3.1080266206150964e-06,3.330867193265195e-07
3.2880702608039963e-07,1.7444592883958294e-06,3.1067023500248817e-06,3.3385244954119786e-07
3.303184318832988e-07,1.785615517767171e-06,3.1130802089017916e-06,3.3459097785994896e-07
3.316449294342699e-07,1.8281007387179363e-06,3.1265961914518994e-06,3.3530046186829207e-07
3.327926194183544e-07,1.8717344685889008e-06,3.1467151172497082e-06,3.359802453577458e-07
3.337654078365258e-07,1.916322903838287e-06,3.172964075155793e-06,3.366304833065729e-07
3.345653075140484e-07,1.961648934299341e-06,3.204953919016087e-06,3.3725106006808426e-07
3.351924363209215e-07,2.007482416832542e-06,3.242364506710954e-06,3.378411715909845e-07
3.356452962451172e-07,2.053597953759903e-06,3.284913510956303e-06,3.3839920539403484e-07
3.3592140125235e-07,2.0997829351135954e-06,3.3323208933505883e-06,3.38922600734407e-07
3.360179104398193e-07,2.145848361278223e-06,3.384276283443662e-06,3.394085702712884e-07
3.3593314898212327e-07,2.191657815391376e-06,3.440447298425061e-06,3.398547320141736e-07
3.3566752181518265e-07,2.237150436694173e-06,3.5005343007742966e-06,3.402584868542552e-07
3.352223302067989e-07,2.2823271850670782e-06,3.5643175588688185e-06,3.4061647497918106e-07
3.34598827010077e-07,2.3272100318974166e-06,3.631662460816282e-06,3.409260060525559e-07
3.337985705896207e-07,2.3718120698349013e-06,3.702499532810556e-06,3.411884860824473e-07
3.3282423838008407e-07,2.4161381862690383e-06,3.77680499209456e-06,3.41411165238025e-07
3.3168062897916365e-07,2.4601935424411753e-06,3.854586052701438e-06,3.4160399999057945e-07
3.303742444201277e-07,2.503974718977755e-06,3.935857370555058e-06,3.417748432124219e-07
3.289111996620009e-07,2.5474579523431764e-06,4.020604863090162e-06,3.4192725827358105e-07
3.272964746312943e-07,2.5906052337196e-06,4.1087567874131534e-06,3.420607848193411e-07
3.255361892146314e-07,2.633376848348992e-06,4.2001811832348035e-06,3.421721587099085e-07
3.236408169145216e-07,2.6757312711334133e-06,4.29470089625122e-06,3.4225647745901e-07
3.216262739022624e-07,2.71761529588119e-06,4.392108020024321e-06,3.4230783415516127e-07
3.1951275074773327e-07,2.758961668450376e-06,4.49217491032273e-06,3.423198240965481e-07
3.1732289495800464e-07,2.7997011001697143e-06,4.594654376229062e-06,3.422867951619781e-07
3.150801978922019e-07,2.839775008180632e-06,4.699262884985024e-06,3.422062742183253e-07
3.1280882436758316e-07,2.87913567136712e-06,4.805666810605653e-06,3.420806497822202e-07
3.1053422597199544e-07,2.9177357318404538e-06,4.913487318062542e-06,3.419160450716721e-07
3.082816592509272e-07,2.9555135422914404e-06,5.022314640653128e-06,3.417198345921293e-07
3.060735868131929e-07,2.9923807628810763e-06,5.131726093613137e-06,3.4149899788565256e-07
3.039290106591128e-07,3.028218224368785e-06,5.241312457700221e-06,3.4125929047604146e-07
3.0186370378091177e-07,3.062879765394641e-06,5.350701621981878e-06,3.4100448818127423e-07
2.998894945503254e-07,3.0962019890222838e-06,5.4595580099875284e-06,3.4073570070781364e-07
2.980140051354537e-07,3.1280197266896785e-06,5.567558967474273e-06,3.40451505138766e-07
2.962420041869093e-07,3.158182182419603e-06,5.674365699356025e-06,3.40149110809113e-07
2.9457656699559524e-07,3.186560462366217e-06,5.779600834431642e-06,3.398252440058221e-07
2.930191692571768e-07,3.2130415955415795e-06,5.8828442309653876e-06,3.394757392099637e-07
2.915709295033849e-07,3.2375149345604682e-06,5.983653192189228e-06,3.390948767871779e-07
2.902345638919672e-07,3.2598624770949935e-06,6.0815881433187125e-06,3.386760221665544e-07
2.890140374218119e-07,3.279958401551135e-06,6.1762189155727225e-06,3.3821315129330877e-07
2.879131214604697e-07,3.297674460793695e-06,6.267116865035571e-06,3.377022616295111e-07
2.869350744093413e-07,3.312886904443688e-06,6.353849967772604e-06,3.371437974468297e-07
2.860824878283516e-07,3.32548677863324e-06,6.435982214954569e-06,3.365453259366785e-07
2.8535667205003827e-07,3.335393959793742e-06,6.513077421368805e-06,3.3592040727280634e-07
2.847570287583336e-07,3.342563627013313e-06,6.584712778135426e-06,3.35284125244099e-07
2.842808960079832e-07,3.346976919633803e-06,6.650496985726573e-06,3.346495076050913e-07
2.839241217666279e-07,3.3486266087444894e-06,6.710086790296074e-06,3.340258137422815e-07
2.836820468287613e-07,3.3475132949248866e-06,6.763211129066885e-06,3.3341827879533427e-07
2.8355004737203924e-07,3.3436511775859885e-06,6.8096997618597466e-06,3.328292398290014e-07
2.8352277143763644e-07,3.337071110558678e-06,6.849489542440075e-06,3.322590396908864e-07
2.835930709284165e-07,3.327815080922944e-06,6.88259981953771e-06,3.31706047977403e-07
2.837525402207685e-07,3.315927253522538e-06,6.909097647917473e-06,3.31167265994359e-07
2.839931995249981e-07,3.301451615082063e-06,6.929068688157991e-06,3.3063941073951824e-07
2.843079726920057e-07,3.284439165542533e-06,6.942594282022049e-06,3.3011893598165104e-07
2.8468966044780496e-07,3.264954797092807e-06,6.949736577413803e-06,3.2960123086712997e-07
2.8513059931502533e-07,3.2430758752914837e-06,6.9505364118526935e-06,3.2908007800340576e-07
2.856234867460017e-07,3.218888365925603e-06,6.945022224556436e-06,3.285476345703228e-07
2.861615920910573e-07,3.192487226404578e-06,6.933226101102086e-06,3.279950055527011e-07
2.867378637922879e-07,3.1639753646220632e-06,6.915204809826285e-06,3.274129276213672e-07
2.873444194866909e-07,3.13345589052855e-06,6.891066635862163e-06,3.2679203453698066e-07
2.8797368237949524e-07,3.1010258703819264e-06,6.861003178410556e-06,3.261238455102962e-07
2.88620540096739e-07,3.06677896959968e-06,6.8253021876945155e-06,3.25403490133543e-07
2.8928285244955017e-07,3.0308102072216305e-06,6.784320969467898e-06,3.2463235489474613e-07
2.899591925707997e-07,2.9932149139405058e-06,6.7384546647906585e-06,3.238179963410836e-07
2.906467787001544e-07,2.9540866338209176e-06,6.688136250211515e-06,3.229719982898941e-07
2.913414430756629e-07,2.9135191928355407e-06,6.633843234459506e-06,3.221078717269624e-07
2.920376882566002e-07,2.8716075475014195e-06,6.576082024451905e-06,3.212386673280702e-07
2.927283352321841e-07,2.8284452972920864e-06,6.515367790237882e-06,3.203750144896073e-07
2.934055567482713e-07,2.7841238353720032e-06,6.4522156960828635e-06,3.195254509781753e-07
2.940623307581273e-07,2.738734918894317e-06,6.3871302410528575e-06,3.186975017131954e-07
2.9469197440143984e-07,2.6923770353084026e-06,6.320591316544993e-06,3.1789836966756484e-07
2.952870088430128e-07,2.645163369385228e-06,6.253051629523543e-06,3.1713600711235184e-07
2.95839577224486e-07,2.597222715082111e-06,6.184938981725157e-06,3.164185545899129e-07
2.9634253888416985e-07,2.548688881629612e-06,6.116650791902508e-06,3.157514195815264e-07
2.967896203208489e-07,2.4996887588656965e-06,6.048550635872304e-06,3.151358791501693e-07
2.9717474857588677e-07,2.450343414325913e-06,5.980979486508412e-06,3.145708815386739e-07
2.974920340229103e-07,2.4007816088381304e-06,5.914272427699926e-06,3.140549786330369e-07
2.97738253445324e-07,2.3511516909685368e-06,5.848753716888017e-06,3.135863602368979e-07
2.979160954767417e-07,2.3016226808229165e-06,5.784704332915496e-06,3.131624244781563e-07
2.980332089696195e-07,2.2523771584018898e-06,5.722331616825083e-06,3.127802715579924e-07
2.980979617098506e-07,2.2036017602618717e-06,5.661762175061886e-06,3.1243745623012233e-07
2.9811849237850965e-07,2.155476903456461e-06,5.603053543975659e-06,3.1213156636574093e-07
2.981059772769094e-07,2.1081682104826827e-06,5.546211025208408e-06,3.1185902583284626e-07
2.980759705536116e-07,2.061827623631258e-06,5.491199101091071e-06,3.116150704863276e-07
2.9804493072113397e-07,2.0166041119158316e-06,5.437955328037428e-06,3.113954056887511e-07
2.9802627312461507e-07,1.9726482319291317e-06,5.3864142229034055e-06,3.111985179758608e-07
2.980298306831034e-07,1.93010146569417e-06,5.336529768168771e-06,3.110271119058927e-07
2.980634492208096e-07,1.8890821259346385e-06,5.28829331830466e-06,3.108885273430917e-07
2.9813442333625587e-07,1.8496803030330216e-06,5.24173980006189e-06,3.1079515127893747e-07
2.982496156220437e-07,1.8119591714553245e-06,5.196924376495263e-06,3.107636128334056e-07
2.984138680347167e-07,1.7759566634265101e-06,5.1538916038991806e-06,3.10811890232799e-07
2.986285907218112e-07,1.7416888506317555e-06,5.112670442470971e-06,3.109561189511404e-07
2.98892256326875e-07,1.7091575396314994e-06,5.073278580130257e-06,3.112088123759772e-07
2.992013088308269e-07,1.6783592489198143e-06,5.035715585400959e-06,3.115799774114549e-07
2.9955013707190926e-07,1.6492903894492985e-06,4.9999610908102926e-06,3.120805285656735e-07
2.999308461742787e-07,1.6219462019357157e-06,4.965982170151294e-06,3.127238761421833e-07
3.003336304569424e-07,1.596314792286603e-06,4.9337299837766326e-06,3.1352382082294693e-07
3.0074876779561727e-07,1.572371555815125e-06,4.903130706799581e-06,3.1449183347737277e-07
3.011702993356641e-07,1.5500794596223292e-06,4.87409173355679e-06,3.156363314156165e-07
3.015979401623834e-07,1.52939479162164e-06,4.846519571983383e-06,3.169625215892086e-07
3.020348203237697e-07,1.5102755354412218e-06,4.8203336656007554e-06,3.18471089157324e-07
3.024841220203017e-07,1.4926905873745113e-06,4.795466650155445e-06,3.201569569514602e-07
3.0294737150504714e-07,1.4766242753045548e-06,4.771849122361016e-06,3.220096487347789e-07
3.0342376053761375e-07,1.4620704527672119e-06,4.749395119571e-06,3.2401536647603075e-07
3.0391010419505896e-07,1.4490192443296791e-06,4.728007776116887e-06,3.261602399176941e-07
3.044012425309289e-07,1.4374446686739759e-06,4.7076056866518386e-06,3.2843309734472065e-07
3.048903802672888e-07,1.4272997289344626e-06,4.688156931770102e-06,3.3082568795950397e-07
3.0536916928009007e-07,1.4185234086229456e-06,4.669692564399139e-06,3.333307268746129e-07
3.0582743416876013e-07,1.411059527009759e-06,4.652283314690273e-06,3.359400213589189e-07
3.062537219631216e-07,1.4048800332193985e-06,4.636011074136567e-06,3.386433762429057e-07
3.0663794582556014e-07,1.3999991883182529e-06,4.62096985727544e-06,3.414277687099156e-07
3.0697404835574925e-07,1.396465807284268e-06,4.6072792205217625e-06,3.442767129033666e-07
3.072595135007827e-07,1.3943383588178922e-06,4.595071838349933e-06,3.471701059745698e-07
3.0749279025531073e-07,1.3936673013359436e-06,4.584457421449665e-06,3.5008520990564214e-07
3.076721259827984e-07,1.394496240642893e-06,4.575500745674845e-06,3.529984443836349e-07
3.0779602400364983e-07,1.3968676611594008e-06,4.568232955921376e-06,3.55886946729786e-07
3.078631586509375e-07,1.4008191786814457e-06,4.562678273559831e-06,3.5873076292344797e-07
3.0787140492954357e-07,1.4063708183413753e-06,4.558867031434109e-06,3.615159981343773e-07
3.078172294269003e-07,1.413513791424375e-06,4.5568240807251155e-06,3.6423594818528354e-07
3.076964796427087e-07,1.42220996445485e-06,4.5565509321339295e-06,3.668891174903589e-07
3.0750641525023486e-07,1.432398841724606e-06,4.558018296580197e-06,3.6947716822908657e-07
3.072471912586257e-07,1.4440029263093162e-06,4.561183522070195e-06,3.7200377068367466e-07
3.06921262831447e-07,1.4569281198121098e-06,4.5660774273164496e-06,3.744724643923406e-07
3.065314573229156e-07,1.4710630209721612e-06,4.572923294884814e-06,3.768841952572157e-07
3.060801308031393e-07,1.4862845325164297e-06,4.582149789027792e-06,3.792362806672981e-07
3.055706983209785e-07,1.5024724731068926e-06,4.594284685804029e-06,3.8152240902801243e-07
3.0500952492702464e-07,1.5195257276750176e-06,4.6098446979646665e-06,3.837336133778263e-07
3.044055751595224e-07,1.5373672989870007e-06,4.629273547529425e-06,3.858601408317438e-07
3.037684805202702e-07,1.5559359200698343e-06,4.652909968841098e-06,3.8789292281059716e-07
3.031071672485746e-07,1.575186709211539e-06,4.6809693439221165e-06,3.89824529443968e-07
3.024301366434721e-07,1.5951177025090745e-06,4.713535692270664e-06,3.916494669932625e-07
3.017470850751114e-07,1.6157943595824724e-06,4.750567149861509e-06,3.9336315927733997e-07
3.010692573137348e-07,1.6373354467743309e-06,4.7919184267066715e-06,3.9496086731312495e-07
3.004076627827393e-07,1.6598681973658057e-06,4.8373642964279834e-06,3.9643805430458045e-07
2.9977206852262677e-07,1.6834935107399557e-06,4.886606169502926e-06,3.977921555284921e-07
2.991709333545469e-07,1.7082831242891885e-06,4.9392792739681984e-06,3.9902447920746974e-07
2.986106891833347e-07,1.7342918433141057e-06,4.994975982136443e-06,4.001405796791721e-07
2.980954040297236e-07,1.761564424919579e-06,5.053271135473792e-06,4.011483828224699e-07
2.9762713520353866e-07,1.7901365613738418e-06,5.113742506711896e-06,4.020548141640981e-07
2.972065375609489e-07,1.8200339899577201e-06,5.1759880656765314e-06,4.028631268246564e-07
2.968336343627448e-07,1.851270202891763e-06,5.23962614078852e-06,4.0357231047726884e-07
2.965076063405306e-07,1.8838422232889526e-06,5.304273117370961e-06,4.041784037200772e-07
2.9622586173008016e-07,1.917722818795723e-06,5.369523768606943e-06,4.04677581654122e-07
2.959838743605659e-07,1.9528530727442688e-06,5.434948725721309e-06,4.050687111032189e-07
2.9577579329461585e-07,1.9891435095444354e-06,5.500096349254372e-06,4.0535284800000023e-07
2.9559504850514907e-07,2.026480432444708e-06,5.564498429150469e-06,4.0553174559055294e-07
2.9543447436461896e-07,2.0647279757186302e-06,5.627686802314165e-06,4.056070370315443e-07
2.952865496442141e-07,2.1037307170159198e-06,5.68922118846743e-06,4.0557879467609574e-07
2.951445968938361e-07,2.1433248258074685e-06,5.748741915303066e-06,4.054442082497882e-07
2.950048948671912e-07,2.1833478652471187e-06,5.806036619198575e-06,4.051981038744181e-07
2.9486883012328224e-07,2.2236354704724584e-06,5.861060089796331e-06,4.048345818694469e-07
2.9474288443988145e-07,2.26401259393691e-06,5.9138899123115075e-06,4.0434824160858774e-07
2.9463592106797145e-07,2.304293688849778e-06,5.9646749805314345e-06,4.037345150530821e-07
2.945564214240191e-07,2.34429305586208e-06,6.013601597718008e-06,4.029891216931692e-07
2.9451105436382444e-07,2.383836155342162e-06,6.060855171954069e-06,4.0210713636398677e-07
2.945039348755189e-07,2.422763805467296e-06,6.106602827729008e-06,4.010830178465144e-07
2.9453638066349603e-07,2.460927737033488e-06,6.1510239875713245e-06,3.999120446803378e-07
2.946070179284109e-07,2.498183311010461e-06,6.194331101942671e-06,3.985912530095669e-07
2.947118072787611e-07,2.5343849326184346e-06,6.236739873204104e-06,3.9711891956757284e-07
2.948441499773468e-07,2.5693838372555914e-06,6.278430132932009e-06,3.9549496569276364e-07
2.949954663681393e-07,2.60303070034268e-06,6.319532449353919e-06,3.9372252792114676e-07
2.9515629362628177e-07,2.635187335225628e-06,6.3601353577392824e-06,3.9180768912622267e-07
2.953179621867938e-07,2.6657405375764145e-06,6.4002951991754015e-06,3.897578635216879e-07
2.954740302376272e-07,2.6946039900242716e-06,6.44004244653375e-06,3.87581117972107e-07
2.9561968726568165e-07,2.7217066366051395e-06,6.4793944323650995e-06,3.852860058484258e-07
2.9575002527296137e-07,2.7469850933660992e-06,6.5183734228944825e-06,3.8288151832558385e-07
2.958611372789891e-07,2.77039052299235e-06,6.557018041335067e-06,3.803777820401837e-07
2.959544865340252e-07,2.7918953009938536e-06,6.59538786746293e-06,3.777872641577857e-07
2.9603936164448705e-07,2.8114859419189382e-06,6.633565534502273e-06,3.751249224668357e-07
2.961305233722885e-07,2.829149912325737e-06,6.67165498196757e-06,3.724063007185779e-07
2.962440272328322e-07,2.8448725706105882e-06,6.7097775919675795e-06,3.696451278721298e-07
2.963939766208705e-07,2.8586462032088745e-06,6.748060235207973e-06,3.668527536049046e-07
2.965903558404136e-07,2.8704744950128717e-06,6.786601227717801e-06,3.6403928814219617e-07
2.9683794502453305e-07,2.880366907875338e-06,6.825427686831705e-06,3.6121424235950606e-07
2.971365607077461e-07,2.888337156557969e-06,6.864474292016369e-06,3.5838617946454165e-07
2.974826534915495e-07,2.8944098429393063e-06,6.903588237364919e-06,3.5556280889226865e-07
2.97871409525391e-07,2.8986258823622037e-06,6.942549536346577e-06,3.5275138751572494e-07
2.9829790588677413e-07,2.9010421685418587e-06,6.981094824190289e-06,3.499586226649664e-07
2.987572406152818e-07,2.901725036142762e-06,7.018932528712103e-06,3.471912816616149e-07
2.992449318927907e-07,2.9007424787760573e-06,7.0557556162134915e-06,3.4445771765029767e-07
2.997576273842164e-07,2.89816918174126e-06,7.091259962107953e-06,3.417676026231498e-07
3.002925873081181e-07,2.8941058612834633e-06,7.1251488738833956e-06,3.391296211366598e-07
3.00846196591669e-07,2.8886908096446344e-06,7.157116885502977e-06,3.365507068506514e-07
3.014142762897241e-07,2.8820869804397635e-06,7.186842775528792e-06,3.3403821771456545e-07
3.01995078759512e-07,2.874455211924629e-06,7.2140035831215576e-06,3.316027489440588e-07
3.025915498025703e-07,2.8659376955194315e-06,7.238288910096643e-06,3.292590416967264e-07
3.0321069448724406e-07,2.8566624570415463e-06,7.2594109703028576e-06,3.270242219363395e-07
3.038626543164581e-07,2.846756521467554e-06,7.2771237224396775e-06,3.2491543288229077e-07
3.0456069671549075e-07,2.8363484988256536e-06,7.2912486419826915e-06,3.2294971050865157e-07
3.053197866221498e-07,2.8255562183100084e-06,7.301688330588081e-06,3.2114455342873396e-07
3.061532068800132e-07,2.8144755179433558e-06,7.308416668062708e-06,3.195157322614909e-07
3.070695899629952e-07,2.8031823873441947e-06,7.311458617314177e-06,3.180739149847765e-07
3.080721021573589e-07,2.791738099529102e-06,7.310872807708765e-06,3.168236207098799e-07
3.091591435834368e-07,2.780187287217193e-06,7.3067276806772785e-06,3.157643996898593e-07
